Interval,Mutations,Average Score
"[0, 14]","[(13, 0.3)]",6.3
"[15, 29]","[(29, 6.0)]",6.15
"[30, 44]",[],5.75
"[45, 59]","[(48, 3.0), (50, 2.5)]",6.4
"[60, 74]","[(65, 1.8)]",4.65
"[75, 89]","[(79, 0.2)]",1.5
"[90, 104]","[(98, 0.8)]",0.9
"[105, 119]",[],0.4
"[120, 134]",[],0.0
"[135, 149]",[],0.0
"[150, 164]",[],0.0
"[165, 179]",[],0.0
"[180, 194]",[],0.0
"[195, 209]",[],0.0
"[210, 224]",[],0.0
"[225, 239]",[],0.0
"[240, 254]",[],0.0
"[255, 269]",[],0.0
"[270, 284]",[],0.0
"[285, 299]",[],0.0
"[300, 314]",[],0.0
"[315, 329]",[],0.0
"[330, 344]",[],0.0
"[345, 359]",[],0.0
"[360, 374]",[],0.0
"[375, 389]",[],0.0
"[390, 404]",[],0.0
"[405, 419]",[],0.0
"[420, 434]",[],0.0
"[435, 449]",[],0.0
"[450, 464]",[],0.0
"[465, 479]",[],1.5
"[480, 494]","[(481, 3.0)]",4.25
"[495, 509]","[(500, 2.5)]",4.9
"[510, 524]","[(510, 1.8)]",3.05
"[525, 539]",[],0.9
"[540, 554]",[],0.0
"[555, 569]",[],0.0
"[570, 584]",[],0.0
"[585, 599]",[],0.0
"[600, 614]",[],0.0
"[615, 629]",[],0.0
"[630, 644]",[],0.0
"[645, 659]",[],0.0
"[660, 674]",[],0.0
"[675, 689]",[],0.0
"[690, 704]",[],0.0
"[705, 719]",[],0.0
"[720, 734]",[],0.0
"[735, 749]",[],0.0
"[750, 764]",[],0.0
"[765, 779]",[],0.0
"[780, 794]",[],0.0
"[795, 809]",[],0.0
"[810, 824]",[],0.0
"[825, 839]",[],0.0
"[840, 854]",[],0.0
"[855, 869]",[],0.0
"[870, 884]",[],0.0
"[885, 899]",[],0.0
"[900, 914]",[],0.0
"[915, 929]",[],0.0
"[930, 944]",[],0.0
"[945, 959]",[],0.0
"[960, 974]",[],0.0
"[975, 989]",[],0.0
"[990, 1004]",[],0.0
"[1005, 1019]",[],0.0
"[1020, 1034]",[],0.0
"[1035, 1049]",[],0.0
"[1050, 1064]",[],0.0
"[1065, 1079]",[],0.0
"[1080, 1094]",[],0.0
"[1095, 1109]",[],0.0
"[1110, 1124]",[],0.0
"[1125, 1139]",[],0.0
"[1140, 1154]",[],0.0
"[1155, 1169]",[],0.0
"[1170, 1184]",[],0.0
"[1185, 1199]",[],0.0
"[1200, 1214]",[],0.0
"[1215, 1229]",[],0.0
"[1230, 1244]",[],0.0
"[1245, 1259]",[],0.0
"[1260, 1274]",[],0.0
"[1275, 1289]",[],0.0
"[1290, 1304]",[],0.0
"[1305, 1319]",[],0.0
"[1320, 1334]",[],0.0
"[1335, 1349]",[],0.0
"[1350, 1364]",[],0.0
"[1365, 1379]",[],0.0
"[1380, 1394]",[],0.0
"[1395, 1409]",[],0.0
"[1410, 1424]",[],0.0
"[1425, 1439]",[],0.0
"[1440, 1454]",[],0.0
"[1455, 1469]",[],0.0
"[1470, 1484]",[],0.0
"[1485, 1499]",[],1.85
"[1500, 1514]","[(1501, 1.7), (1510, 2.0)]",3.7
"[1515, 1529]",[],1.85
"[1530, 1544]",[],0.0
"[1545, 1559]",[],0.0
"[1560, 1574]",[],0.0
"[1575, 1589]",[],0.0
"[1590, 1604]",[],0.0
"[1605, 1619]",[],0.0
"[1620, 1634]",[],0.0
"[1635, 1649]",[],0.0
"[1650, 1664]",[],0.0
"[1665, 1679]",[],0.0
"[1680, 1694]",[],1.15
"[1695, 1709]","[(1700, 2.3)]",2.3
"[1710, 1724]",[],1.15
"[1725, 1739]",[],0.0
"[1740, 1754]",[],0.0
"[1755, 1769]",[],0.0
"[1770, 1784]",[],0.0
"[1785, 1799]",[],0.0
"[1800, 1814]",[],0.0
"[1815, 1829]",[],0.0
"[1830, 1844]",[],0.0
"[1845, 1859]",[],0.0
"[1860, 1874]",[],0.0
"[1875, 1889]",[],0.0
"[1890, 1904]",[],0.0
"[1905, 1919]",[],0.0
"[1920, 1934]",[],0.0
"[1935, 1949]",[],0.0
"[1950, 1964]",[],0.0
"[1965, 1979]",[],0.0
"[1980, 1994]",[],0.0
"[1995, 2009]",[],0.0
"[2010, 2024]",[],0.0
"[2025, 2039]",[],0.0
"[2040, 2054]",[],0.0
"[2055, 2069]",[],0.0
"[2070, 2084]",[],0.0
"[2085, 2099]",[],0.0
"[2100, 2114]",[],0.0
"[2115, 2129]",[],0.0
"[2130, 2144]",[],0.0
"[2145, 2159]",[],0.0
"[2160, 2174]",[],0.0
"[2175, 2189]",[],0.0
"[2190, 2204]",[],0.0
"[2205, 2219]",[],0.0
"[2220, 2234]",[],0.0
"[2235, 2249]",[],0.0
"[2250, 2264]",[],0.0
"[2265, 2279]",[],0.0
"[2280, 2294]",[],0.0
"[2295, 2309]",[],0.0
"[2310, 2324]",[],0.0
"[2325, 2339]",[],0.0
"[2340, 2354]",[],0.0
"[2355, 2369]",[],0.0
"[2370, 2384]",[],0.0
"[2385, 2399]",[],0.0
"[2400, 2414]",[],0.0
"[2415, 2429]",[],0.0
"[2430, 2444]",[],0.0
"[2445, 2459]",[],0.0
"[2460, 2474]",[],0.0
"[2475, 2489]",[],0.0
"[2490, 2504]",[],0.0
"[2505, 2519]",[],0.0
"[2520, 2534]",[],0.0
"[2535, 2549]",[],0.0
"[2550, 2564]",[],0.0
"[2565, 2579]",[],0.0
"[2580, 2594]",[],0.0
"[2595, 2609]",[],0.0
"[2610, 2624]",[],0.0
"[2625, 2639]",[],0.0
"[2640, 2654]",[],0.0
"[2655, 2669]",[],0.0
"[2670, 2684]",[],0.0
"[2685, 2699]",[],0.0
"[2700, 2714]",[],0.0
"[2715, 2729]",[],0.0
"[2730, 2744]",[],0.0
"[2745, 2759]",[],0.0
"[2760, 2774]",[],0.0
"[2775, 2789]",[],0.0
"[2790, 2804]",[],0.0
"[2805, 2819]",[],0.0
"[2820, 2834]",[],0.0
"[2835, 2849]",[],0.0
"[2850, 2864]",[],0.0
"[2865, 2879]",[],0.0
"[2880, 2894]",[],0.0
"[2895, 2909]",[],0.0
"[2910, 2924]",[],0.0
"[2925, 2939]",[],0.0
"[2940, 2954]",[],0.0
"[2955, 2969]",[],0.0
"[2970, 2984]",[],0.0
"[2985, 2999]",[],0.0
"[3000, 3014]",[],0.0
"[3015, 3029]",[],0.0
"[3030, 3044]",[],0.0
"[3045, 3059]",[],0.0
"[3060, 3074]",[],0.0
"[3075, 3089]",[],0.0
"[3090, 3104]",[],0.0
"[3105, 3119]",[],0.0
"[3120, 3134]",[],0.0
"[3135, 3149]",[],0.0
"[3150, 3164]",[],0.0
"[3165, 3179]",[],0.0
"[3180, 3194]",[],0.9
"[3195, 3209]","[(3200, 1.8)]",1.8
"[3210, 3224]",[],0.9
"[3225, 3239]",[],0.0
"[3240, 3254]",[],0.0
"[3255, 3269]",[],0.0
"[3270, 3284]",[],0.0
"[3285, 3299]",[],0.0
"[3300, 3314]",[],0.0
"[3315, 3329]",[],0.0
"[3330, 3344]",[],0.0
"[3345, 3359]",[],0.0
"[3360, 3374]",[],0.0
"[3375, 3389]",[],0.0
"[3390, 3404]",[],0.0
"[3405, 3419]",[],0.0
"[3420, 3434]",[],0.0
"[3435, 3449]",[],0.0
"[3450, 3464]",[],0.0
"[3465, 3479]",[],0.0
"[3480, 3494]",[],0.0
"[3495, 3509]",[],0.0
"[3510, 3524]",[],0.0
"[3525, 3539]",[],0.0
"[3540, 3554]",[],0.0
"[3555, 3569]",[],0.0
"[3570, 3584]",[],0.0
"[3585, 3599]",[],0.0
"[3600, 3614]",[],0.0
"[3615, 3629]",[],0.0
"[3630, 3644]",[],0.0
"[3645, 3659]",[],0.0
"[3660, 3674]",[],0.0
"[3675, 3689]",[],0.0
"[3690, 3704]",[],0.0
"[3705, 3719]",[],0.0
"[3720, 3734]",[],0.0
"[3735, 3749]",[],0.0
"[3750, 3764]",[],0.0
"[3765, 3779]",[],0.0
"[3780, 3794]",[],0.0
"[3795, 3809]",[],0.0
"[3810, 3824]",[],0.0
"[3825, 3839]",[],0.0
"[3840, 3854]",[],0.0
"[3855, 3869]",[],0.0
"[3870, 3884]",[],0.0
"[3885, 3899]",[],0.0
"[3900, 3914]",[],0.0
"[3915, 3929]",[],0.0
"[3930, 3944]",[],0.0
"[3945, 3959]",[],0.0
"[3960, 3974]",[],0.0
"[3975, 3989]",[],0.0
"[3990, 4004]",[],0.0
"[4005, 4019]",[],0.0
"[4020, 4034]",[],0.0
"[4035, 4049]",[],0.0
"[4050, 4064]",[],0.0
"[4065, 4079]",[],0.0
"[4080, 4094]",[],0.0
"[4095, 4109]",[],0.0
"[4110, 4124]",[],0.0
"[4125, 4139]",[],0.0
"[4140, 4154]",[],0.0
"[4155, 4169]",[],0.0
"[4170, 4184]",[],0.0
"[4185, 4199]",[],0.0
"[4200, 4214]",[],0.0
"[4215, 4229]",[],0.0
"[4230, 4244]",[],0.0
"[4245, 4259]",[],0.0
"[4260, 4274]",[],0.0
"[4275, 4289]",[],0.0
"[4290, 4304]",[],0.0
"[4305, 4319]",[],0.0
"[4320, 4334]",[],0.0
"[4335, 4349]",[],0.0
"[4350, 4364]",[],0.0
"[4365, 4379]",[],0.0
"[4380, 4394]",[],0.0
"[4395, 4409]",[],0.0
"[4410, 4424]",[],0.0
"[4425, 4439]",[],0.0
"[4440, 4454]",[],0.0
"[4455, 4469]",[],0.0
"[4470, 4484]",[],0.0
"[4485, 4499]",[],0.0
"[4500, 4514]",[],0.0
"[4515, 4529]",[],0.0
"[4530, 4544]",[],0.0
"[4545, 4559]",[],0.0
"[4560, 4574]",[],0.0
"[4575, 4589]",[],0.0
"[4590, 4604]",[],0.0
"[4605, 4619]",[],0.0
"[4620, 4634]",[],0.0
"[4635, 4649]",[],0.0
"[4650, 4664]",[],0.0
"[4665, 4679]",[],0.0
"[4680, 4694]",[],0.0
"[4695, 4709]",[],0.0
"[4710, 4724]",[],0.0
"[4725, 4739]",[],0.0
"[4740, 4754]",[],0.0
"[4755, 4769]",[],0.0
"[4770, 4784]",[],0.0
"[4785, 4799]",[],0.0
"[4800, 4814]",[],0.0
"[4815, 4829]",[],0.0
"[4830, 4844]",[],0.0
"[4845, 4859]",[],0.0
"[4860, 4874]",[],0.0
"[4875, 4889]",[],0.0
"[4890, 4904]",[],0.0
"[4905, 4919]",[],0.0
"[4920, 4934]",[],0.0
"[4935, 4949]",[],0.0
"[4950, 4964]",[],0.0
"[4965, 4979]",[],0.0
"[4980, 4994]",[],0.0
"[4995, 5009]",[],0.0
"[5010, 5024]",[],0.0
"[5025, 5039]",[],0.0
"[5040, 5054]",[],0.0
"[5055, 5069]",[],0.0
"[5070, 5084]",[],0.0
"[5085, 5099]",[],0.0
"[5100, 5114]",[],0.0
"[5115, 5129]",[],0.0
"[5130, 5144]",[],0.0
"[5145, 5159]",[],0.0
"[5160, 5174]",[],0.0
"[5175, 5189]",[],0.0
"[5190, 5204]",[],0.0
"[5205, 5219]",[],0.0
"[5220, 5234]",[],0.0
"[5235, 5249]",[],0.0
"[5250, 5264]",[],0.0
"[5265, 5279]",[],0.0
"[5280, 5294]",[],0.0
"[5295, 5309]",[],0.0
"[5310, 5324]",[],0.0
"[5325, 5339]",[],0.0
"[5340, 5354]",[],0.0
"[5355, 5369]",[],0.0
"[5370, 5384]",[],0.0
"[5385, 5399]",[],0.0
"[5400, 5414]",[],0.0
"[5415, 5429]",[],0.0
"[5430, 5444]",[],0.0
"[5445, 5459]",[],0.0
"[5460, 5474]",[],0.0
"[5475, 5489]",[],0.0
"[5490, 5504]",[],0.0
"[5505, 5519]",[],0.0
"[5520, 5534]",[],0.0
"[5535, 5549]",[],0.0
"[5550, 5564]",[],0.0
"[5565, 5579]",[],0.0
"[5580, 5594]",[],0.0
"[5595, 5609]",[],0.0
"[5610, 5624]",[],0.0
"[5625, 5639]",[],0.0
"[5640, 5654]",[],0.0
"[5655, 5669]",[],0.0
"[5670, 5684]",[],0.0
"[5685, 5699]",[],0.0
"[5700, 5714]",[],0.0
"[5715, 5729]",[],0.0
"[5730, 5744]",[],0.0
"[5745, 5759]",[],0.0
"[5760, 5774]",[],0.0
"[5775, 5789]",[],0.0
"[5790, 5804]",[],0.0
"[5805, 5819]",[],0.0
"[5820, 5834]",[],0.0
"[5835, 5849]",[],0.0
"[5850, 5864]",[],0.0
"[5865, 5879]",[],0.0
"[5880, 5894]",[],0.0
"[5895, 5909]",[],0.0
"[5910, 5924]",[],0.0
"[5925, 5939]",[],0.0
"[5940, 5954]",[],0.0
"[5955, 5969]",[],0.0
"[5970, 5984]",[],0.0
"[5985, 5999]",[],0.0
"[6000, 6014]",[],0.0
"[6015, 6029]",[],0.0
"[6030, 6044]",[],0.0
"[6045, 6059]",[],0.0
"[6060, 6074]",[],0.0
"[6075, 6089]",[],0.0
"[6090, 6104]",[],0.0
"[6105, 6119]",[],0.0
"[6120, 6134]",[],0.0
"[6135, 6149]",[],0.0
"[6150, 6164]",[],0.0
"[6165, 6179]",[],0.0
"[6180, 6194]",[],0.0
"[6195, 6209]",[],0.0
"[6210, 6224]",[],0.0
"[6225, 6239]",[],0.0
"[6240, 6254]",[],0.0
"[6255, 6269]",[],0.0
"[6270, 6284]",[],0.0
"[6285, 6299]",[],0.0
"[6300, 6314]",[],0.0
"[6315, 6329]",[],0.0
"[6330, 6344]",[],0.0
"[6345, 6359]",[],0.0
"[6360, 6374]",[],0.0
"[6375, 6389]",[],0.0
"[6390, 6404]",[],0.0
"[6405, 6419]",[],0.0
"[6420, 6434]",[],0.0
"[6435, 6449]",[],0.0
"[6450, 6464]",[],0.0
"[6465, 6479]",[],0.0
"[6480, 6494]",[],0.0
"[6495, 6509]",[],0.0
"[6510, 6524]",[],0.0
"[6525, 6539]",[],0.0
"[6540, 6554]",[],0.0
"[6555, 6569]",[],0.0
"[6570, 6584]",[],0.0
"[6585, 6599]",[],0.0
"[6600, 6614]",[],0.0
"[6615, 6629]",[],0.0
"[6630, 6644]",[],0.0
"[6645, 6659]",[],0.0
"[6660, 6674]",[],0.0
"[6675, 6689]",[],1.5
"[6690, 6704]","[(6700, 3.0)]",3.0
"[6705, 6719]",[],1.5
"[6720, 6734]",[],0.0
"[6735, 6749]",[],0.0
"[6750, 6764]",[],0.0
"[6765, 6779]",[],0.0
"[6780, 6794]",[],0.0
"[6795, 6809]",[],0.0
"[6810, 6824]",[],0.0
"[6825, 6839]",[],0.0
"[6840, 6854]",[],0.0
"[6855, 6869]",[],0.0
"[6870, 6884]",[],0.0
"[6885, 6899]",[],0.0
"[6900, 6914]",[],0.0
"[6915, 6929]",[],0.0
"[6930, 6944]",[],0.0
"[6945, 6959]",[],0.0
"[6960, 6974]",[],0.0
"[6975, 6989]",[],0.0
"[6990, 7004]",[],0.0
"[7005, 7019]",[],0.0
"[7020, 7034]",[],0.0
"[7035, 7049]",[],0.0
"[7050, 7064]",[],0.0
"[7065, 7079]",[],0.0
"[7080, 7094]",[],0.0
"[7095, 7109]",[],0.0
"[7110, 7124]",[],0.0
"[7125, 7139]",[],0.0
"[7140, 7154]",[],0.0
"[7155, 7169]",[],0.0
"[7170, 7184]",[],0.0
"[7185, 7199]",[],0.0
"[7200, 7214]",[],0.0
"[7215, 7229]",[],0.0
"[7230, 7244]",[],0.0
"[7245, 7259]",[],0.0
"[7260, 7274]",[],0.0
"[7275, 7289]",[],0.0
"[7290, 7304]",[],0.0
"[7305, 7319]",[],0.0
"[7320, 7334]",[],0.0
"[7335, 7349]",[],0.0
"[7350, 7364]",[],0.0
"[7365, 7379]",[],0.0
"[7380, 7394]",[],0.0
"[7395, 7409]",[],0.0
"[7410, 7424]",[],0.0
"[7425, 7439]",[],0.0
"[7440, 7454]",[],0.0
"[7455, 7469]",[],0.0
"[7470, 7484]",[],0.0
"[7485, 7499]",[],0.0
"[7500, 7514]",[],0.0
"[7515, 7529]",[],0.0
"[7530, 7544]",[],0.0
"[7545, 7559]",[],0.0
"[7560, 7574]",[],0.0
"[7575, 7589]",[],0.0
"[7590, 7604]",[],0.0
"[7605, 7619]",[],0.0
"[7620, 7634]",[],0.0
"[7635, 7649]",[],0.0
"[7650, 7664]",[],0.0
"[7665, 7679]",[],0.0
"[7680, 7694]",[],0.0
"[7695, 7709]",[],0.0
"[7710, 7724]",[],0.0
"[7725, 7739]",[],0.0
"[7740, 7754]",[],0.0
"[7755, 7769]",[],0.0
"[7770, 7784]",[],0.0
"[7785, 7799]",[],0.0
"[7800, 7814]",[],0.0
"[7815, 7829]",[],0.0
"[7830, 7844]",[],0.0
"[7845, 7859]",[],0.0
"[7860, 7874]",[],0.0
"[7875, 7889]",[],0.0
"[7890, 7904]",[],0.0
"[7905, 7919]",[],0.0
"[7920, 7934]",[],0.0
"[7935, 7949]",[],0.0
"[7950, 7964]",[],0.0
"[7965, 7979]",[],0.0
"[7980, 7994]",[],0.0
"[7995, 8009]",[],0.0
"[8010, 8024]",[],0.0
"[8025, 8039]",[],0.0
"[8040, 8054]",[],0.0
"[8055, 8069]",[],0.0
"[8070, 8084]",[],0.0
"[8085, 8099]",[],0.0
"[8100, 8114]",[],0.0
"[8115, 8129]",[],0.0
"[8130, 8144]",[],0.0
"[8145, 8159]",[],0.0
"[8160, 8174]",[],0.0
"[8175, 8189]",[],0.0
"[8190, 8204]",[],0.0
"[8205, 8219]",[],0.0
"[8220, 8234]",[],0.0
"[8235, 8249]",[],0.0
"[8250, 8264]",[],0.0
"[8265, 8279]",[],0.0
"[8280, 8294]",[],0.0
"[8295, 8309]",[],0.0
"[8310, 8324]",[],0.0
"[8325, 8339]",[],0.0
"[8340, 8354]",[],0.0
"[8355, 8369]",[],0.0
"[8370, 8384]",[],0.0
"[8385, 8399]",[],0.0
"[8400, 8414]",[],0.0
"[8415, 8429]",[],0.0
"[8430, 8444]",[],0.0
"[8445, 8459]",[],0.0
"[8460, 8474]",[],0.0
"[8475, 8489]",[],0.0
"[8490, 8504]",[],0.0
"[8505, 8519]",[],0.0
"[8520, 8534]",[],0.0
"[8535, 8549]",[],0.0
"[8550, 8564]",[],0.0
"[8565, 8579]",[],0.0
"[8580, 8594]",[],0.0
"[8595, 8609]",[],0.0
"[8610, 8624]",[],0.0
"[8625, 8639]",[],0.0
"[8640, 8654]",[],0.0
"[8655, 8669]",[],0.0
"[8670, 8684]",[],0.0
"[8685, 8699]",[],0.0
"[8700, 8714]",[],0.0
"[8715, 8729]",[],0.0
"[8730, 8744]",[],0.0
"[8745, 8759]",[],0.0
"[8760, 8774]",[],0.0
"[8775, 8789]",[],0.0
"[8790, 8804]",[],0.0
"[8805, 8819]",[],0.0
"[8820, 8834]",[],0.0
"[8835, 8849]",[],0.0
"[8850, 8864]",[],0.0
"[8865, 8879]",[],0.0
"[8880, 8894]",[],0.0
"[8895, 8909]",[],0.0
"[8910, 8924]",[],0.0
"[8925, 8939]",[],0.0
"[8940, 8954]",[],0.0
"[8955, 8969]",[],0.0
"[8970, 8984]",[],0.0
"[8985, 8999]",[],0.0
"[9000, 9014]",[],0.0
"[9015, 9029]",[],0.0
"[9030, 9044]",[],0.0
"[9045, 9059]",[],0.0
"[9060, 9074]",[],0.0
"[9075, 9089]",[],0.0
"[9090, 9104]",[],0.0
"[9105, 9119]",[],0.0
"[9120, 9134]",[],0.0
"[9135, 9149]",[],0.0
"[9150, 9164]",[],0.0
"[9165, 9179]",[],0.0
"[9180, 9194]",[],1.1
"[9195, 9209]","[(9200, 2.2)]",2.2
"[9210, 9224]",[],1.1
"[9225, 9239]",[],0.0
"[9240, 9254]",[],0.0
"[9255, 9269]",[],0.0
"[9270, 9284]",[],0.0
"[9285, 9299]",[],0.0
"[9300, 9314]",[],0.0
"[9315, 9329]",[],0.0
"[9330, 9344]",[],0.0
"[9345, 9359]",[],0.0
"[9360, 9374]",[],0.0
"[9375, 9389]",[],0.0
"[9390, 9404]",[],0.0
"[9405, 9419]",[],0.0
"[9420, 9434]",[],0.0
"[9435, 9449]",[],0.0
"[9450, 9464]",[],0.0
"[9465, 9479]",[],0.0
"[9480, 9494]",[],0.0
"[9495, 9509]",[],0.0
"[9510, 9524]",[],0.0
"[9525, 9539]",[],0.0
"[9540, 9554]",[],0.0
"[9555, 9569]",[],0.0
"[9570, 9584]",[],0.0
"[9585, 9599]",[],0.0
"[9600, 9614]",[],0.0
"[9615, 9629]",[],0.0
"[9630, 9644]",[],0.0
"[9645, 9659]",[],0.0
"[9660, 9674]",[],0.0
"[9675, 9689]",[],0.0
"[9690, 9704]",[],0.0
"[9705, 9719]",[],0.0
"[9720, 9734]",[],0.0
"[9735, 9749]",[],0.0
"[9750, 9764]",[],0.0
"[9765, 9779]",[],0.0
"[9780, 9794]",[],0.0
"[9795, 9809]",[],0.0
"[9810, 9824]",[],0.0
"[9825, 9839]",[],0.0
"[9840, 9854]",[],0.0
"[9855, 9869]",[],0.0
"[9870, 9884]",[],0.0
"[9885, 9899]",[],0.0
"[9900, 9914]",[],0.0
"[9915, 9929]",[],0.0
"[9930, 9944]",[],0.0
"[9945, 9959]",[],0.0
"[9960, 9974]",[],0.0
"[9975, 9989]",[],0.0
"[9990, 10004]",[],0.0
"[10005, 10019]",[],0.0
"[10020, 10034]",[],0.0
"[10035, 10049]",[],0.0
"[10050, 10064]",[],0.0
"[10065, 10079]",[],0.0
"[10080, 10094]",[],0.0
"[10095, 10109]",[],0.0
"[10110, 10124]",[],0.0
"[10125, 10139]",[],0.0
"[10140, 10154]",[],0.0
"[10155, 10169]",[],0.0
"[10170, 10184]",[],0.0
"[10185, 10199]",[],0.0
"[10200, 10214]",[],0.0
"[10215, 10229]",[],0.0
"[10230, 10244]",[],0.0
"[10245, 10259]",[],0.0
"[10260, 10274]",[],0.0
"[10275, 10289]",[],0.0
"[10290, 10304]",[],0.0
"[10305, 10319]",[],0.0
"[10320, 10334]",[],0.0
"[10335, 10349]",[],0.0
"[10350, 10364]",[],0.0
"[10365, 10379]",[],0.0
"[10380, 10394]",[],0.0
"[10395, 10409]",[],0.0
"[10410, 10424]",[],0.0
"[10425, 10439]",[],0.0
"[10440, 10454]",[],0.0
"[10455, 10469]",[],0.0
"[10470, 10484]",[],0.0
"[10485, 10499]",[],0.0
"[10500, 10514]",[],0.0
"[10515, 10529]",[],0.0
"[10530, 10544]",[],0.0
"[10545, 10559]",[],0.0
"[10560, 10574]",[],0.0
"[10575, 10589]",[],0.0
"[10590, 10604]",[],0.0
"[10605, 10619]",[],0.0
"[10620, 10634]",[],0.0
"[10635, 10649]",[],0.0
"[10650, 10664]",[],0.0
"[10665, 10679]",[],0.0
"[10680, 10694]",[],0.0
"[10695, 10709]",[],0.0
"[10710, 10724]",[],0.0
"[10725, 10739]",[],0.0
"[10740, 10754]",[],0.0
"[10755, 10769]",[],0.0
"[10770, 10784]",[],0.0
"[10785, 10799]",[],0.0
"[10800, 10814]",[],0.0
"[10815, 10829]",[],0.0
"[10830, 10844]",[],0.0
"[10845, 10859]",[],0.0
"[10860, 10874]",[],0.0
"[10875, 10889]",[],0.0
"[10890, 10904]",[],0.0
"[10905, 10919]",[],0.0
"[10920, 10934]",[],0.0
"[10935, 10949]",[],0.0
"[10950, 10964]",[],0.0
"[10965, 10979]",[],0.0
"[10980, 10994]",[],0.0
"[10995, 11009]",[],0.0
"[11010, 11024]",[],0.0
"[11025, 11039]",[],0.0
"[11040, 11054]",[],0.0
"[11055, 11069]",[],0.0
"[11070, 11084]",[],0.0
"[11085, 11099]",[],0.0
"[11100, 11114]",[],0.0
"[11115, 11129]",[],0.0
"[11130, 11144]",[],0.0
"[11145, 11159]",[],0.0
"[11160, 11174]",[],0.0
"[11175, 11189]",[],0.0
"[11190, 11204]",[],0.0
"[11205, 11219]",[],0.0
"[11220, 11234]",[],0.0
"[11235, 11249]",[],0.0
"[11250, 11264]",[],0.0
"[11265, 11279]",[],0.0
"[11280, 11294]",[],0.0
"[11295, 11309]",[],0.0
"[11310, 11324]",[],0.0
"[11325, 11339]",[],0.0
"[11340, 11354]",[],0.0
"[11355, 11369]",[],0.0
"[11370, 11384]",[],0.0
"[11385, 11399]",[],0.0
"[11400, 11414]",[],0.0
"[11415, 11429]",[],0.0
"[11430, 11444]",[],0.0
"[11445, 11459]",[],0.0
"[11460, 11474]",[],0.0
"[11475, 11489]",[],0.0
"[11490, 11504]",[],0.0
"[11505, 11519]",[],0.0
"[11520, 11534]",[],0.0
"[11535, 11549]",[],0.0
"[11550, 11564]",[],0.0
"[11565, 11579]",[],0.0
"[11580, 11594]",[],0.0
"[11595, 11609]",[],0.0
"[11610, 11624]",[],0.0
"[11625, 11639]",[],0.0
"[11640, 11654]",[],0.0
"[11655, 11669]",[],0.0
"[11670, 11684]",[],0.0
"[11685, 11699]",[],0.0
"[11700, 11714]",[],0.0
"[11715, 11729]",[],0.0
"[11730, 11744]",[],0.0
"[11745, 11759]",[],0.0
"[11760, 11774]",[],0.0
"[11775, 11789]",[],0.0
"[11790, 11804]",[],0.0
"[11805, 11819]",[],0.0
"[11820, 11834]",[],0.0
"[11835, 11849]",[],0.0
"[11850, 11864]",[],0.0
"[11865, 11879]",[],0.0
"[11880, 11894]",[],0.0
"[11895, 11909]",[],0.0
"[11910, 11924]",[],0.0
"[11925, 11939]",[],0.0
"[11940, 11954]",[],0.0
"[11955, 11969]",[],0.0
"[11970, 11984]",[],0.0
"[11985, 11999]",[],0.0
"[12000, 12014]",[],0.0
"[12015, 12029]",[],0.0
"[12030, 12044]",[],0.0
"[12045, 12059]",[],0.0
"[12060, 12074]",[],0.0
"[12075, 12089]",[],0.0
"[12090, 12104]",[],0.0
"[12105, 12119]",[],0.0
"[12120, 12134]",[],0.0
"[12135, 12149]",[],0.0
"[12150, 12164]",[],0.0
"[12165, 12179]",[],0.0
"[12180, 12194]",[],0.0
"[12195, 12209]",[],0.0
"[12210, 12224]",[],0.0
"[12225, 12239]",[],0.0
"[12240, 12254]",[],0.0
"[12255, 12269]",[],0.0
"[12270, 12284]",[],0.0
"[12285, 12299]",[],0.0
"[12300, 12314]",[],0.0
"[12315, 12329]",[],0.0
"[12330, 12344]",[],0.0
"[12345, 12359]",[],0.0
"[12360, 12374]",[],0.0
"[12375, 12389]",[],0.0
"[12390, 12404]",[],0.0
"[12405, 12419]",[],0.0
"[12420, 12434]",[],0.0
"[12435, 12449]",[],0.0
"[12450, 12464]",[],0.0
"[12465, 12479]",[],0.0
"[12480, 12494]",[],0.0
"[12495, 12509]",[],0.0
"[12510, 12524]",[],0.0
"[12525, 12539]",[],0.0
"[12540, 12554]",[],0.0
"[12555, 12569]",[],0.0
"[12570, 12584]",[],0.0
"[12585, 12599]",[],0.0
"[12600, 12614]",[],0.0
"[12615, 12629]",[],0.0
"[12630, 12644]",[],0.0
"[12645, 12659]",[],0.0
"[12660, 12674]",[],0.0
"[12675, 12689]",[],0.0
"[12690, 12704]",[],0.0
"[12705, 12719]",[],0.0
"[12720, 12734]",[],0.0
"[12735, 12749]",[],0.0
"[12750, 12764]",[],0.0
"[12765, 12779]",[],0.0
"[12780, 12794]",[],0.0
"[12795, 12809]",[],0.0
"[12810, 12824]",[],0.0
"[12825, 12839]",[],0.0
"[12840, 12854]",[],0.0
"[12855, 12869]",[],0.0
"[12870, 12884]",[],0.0
"[12885, 12899]",[],0.0
"[12900, 12914]",[],0.0
"[12915, 12929]",[],0.0
"[12930, 12944]",[],0.0
"[12945, 12959]",[],0.0
"[12960, 12974]",[],0.0
"[12975, 12989]",[],0.0
"[12990, 13004]",[],0.0
"[13005, 13019]",[],0.0
"[13020, 13034]",[],0.0
"[13035, 13049]",[],0.0
"[13050, 13064]",[],0.0
"[13065, 13079]",[],0.0
"[13080, 13094]",[],0.0
"[13095, 13109]",[],0.0
"[13110, 13124]",[],0.0
"[13125, 13139]",[],0.0
"[13140, 13154]",[],0.0
"[13155, 13169]",[],0.0
"[13170, 13184]",[],0.0
"[13185, 13199]",[],0.0
"[13200, 13214]",[],0.0
"[13215, 13229]",[],0.0
"[13230, 13244]",[],0.0
"[13245, 13259]",[],0.0
"[13260, 13274]",[],0.0
"[13275, 13289]",[],0.0
"[13290, 13304]",[],0.0
"[13305, 13319]",[],0.0
"[13320, 13334]",[],0.0
"[13335, 13349]",[],0.0
"[13350, 13364]",[],0.0
"[13365, 13379]",[],0.0
"[13380, 13394]",[],0.0
"[13395, 13409]",[],0.0
"[13410, 13424]",[],0.0
"[13425, 13439]",[],0.0
"[13440, 13454]",[],0.0
"[13455, 13469]",[],0.0
"[13470, 13484]",[],0.0
"[13485, 13499]",[],0.0
"[13500, 13514]",[],0.0
"[13515, 13529]",[],0.0
"[13530, 13544]",[],0.0
"[13545, 13559]",[],0.0
"[13560, 13574]",[],0.0
"[13575, 13589]",[],0.0
"[13590, 13604]",[],0.0
"[13605, 13619]",[],0.0
"[13620, 13634]",[],0.0
"[13635, 13649]",[],0.0
"[13650, 13664]",[],0.0
"[13665, 13679]",[],0.0
"[13680, 13694]",[],0.0
"[13695, 13709]",[],0.0
"[13710, 13724]",[],0.0
"[13725, 13739]",[],0.0
"[13740, 13754]",[],0.0
"[13755, 13769]",[],0.0
"[13770, 13784]",[],0.0
"[13785, 13799]",[],0.0
"[13800, 13814]",[],0.0
"[13815, 13829]",[],0.0
"[13830, 13844]",[],0.0
"[13845, 13859]",[],0.0
"[13860, 13874]",[],0.0
"[13875, 13889]",[],0.0
"[13890, 13904]",[],0.0
"[13905, 13919]",[],0.0
"[13920, 13934]",[],0.0
"[13935, 13949]",[],0.0
"[13950, 13964]",[],0.0
"[13965, 13979]",[],0.0
"[13980, 13994]",[],0.0
"[13995, 14009]",[],0.0
"[14010, 14024]",[],0.0
"[14025, 14039]",[],0.0
"[14040, 14054]",[],0.0
"[14055, 14069]",[],0.0
"[14070, 14084]",[],0.0
"[14085, 14099]",[],0.0
"[14100, 14114]",[],0.0
"[14115, 14129]",[],0.0
"[14130, 14144]",[],0.0
"[14145, 14159]",[],0.0
"[14160, 14174]",[],0.0
"[14175, 14189]",[],0.0
"[14190, 14204]",[],0.0
"[14205, 14219]",[],0.0
"[14220, 14234]",[],0.0
"[14235, 14249]",[],0.0
"[14250, 14264]",[],0.0
"[14265, 14279]",[],0.0
"[14280, 14294]",[],0.0
"[14295, 14309]",[],0.0
"[14310, 14324]",[],0.0
"[14325, 14339]",[],0.0
"[14340, 14354]",[],0.0
"[14355, 14369]",[],0.0
"[14370, 14384]",[],0.0
"[14385, 14399]",[],0.0
"[14400, 14414]",[],0.0
"[14415, 14429]",[],0.0
"[14430, 14444]",[],0.0
"[14445, 14459]",[],0.0
"[14460, 14474]",[],0.0
"[14475, 14489]",[],0.0
"[14490, 14504]",[],0.0
"[14505, 14519]",[],0.0
"[14520, 14534]",[],0.0
"[14535, 14549]",[],0.0
"[14550, 14564]",[],0.0
"[14565, 14579]",[],0.0
"[14580, 14594]",[],0.0
"[14595, 14609]",[],0.0
"[14610, 14624]",[],0.0
"[14625, 14639]",[],0.0
"[14640, 14654]",[],0.0
"[14655, 14669]",[],0.0
"[14670, 14684]",[],0.0
"[14685, 14699]",[],0.0
"[14700, 14714]",[],0.0
"[14715, 14729]",[],0.0
"[14730, 14744]",[],0.0
"[14745, 14759]",[],0.0
"[14760, 14774]",[],0.0
"[14775, 14789]",[],0.0
"[14790, 14804]",[],0.0
"[14805, 14819]",[],0.0
"[14820, 14834]",[],0.0
"[14835, 14849]",[],0.0
"[14850, 14864]",[],0.0
"[14865, 14879]",[],0.0
"[14880, 14894]",[],0.0
"[14895, 14909]",[],0.0
"[14910, 14924]",[],0.0
"[14925, 14939]",[],0.0
"[14940, 14954]",[],0.0
"[14955, 14969]",[],0.0
"[14970, 14984]",[],0.0
"[14985, 14999]",[],0.75
"[15000, 15014]","[(15001, 1.5)]",1.5
"[15015, 15029]",[],0.75
"[15030, 15044]",[],0.0
"[15045, 15059]",[],0.0
"[15060, 15074]",[],0.0
"[15075, 15089]",[],0.0
"[15090, 15104]",[],0.0
"[15105, 15119]",[],0.0
"[15120, 15134]",[],0.0
"[15135, 15149]",[],0.0
"[15150, 15164]",[],0.0
"[15165, 15179]",[],0.0
"[15180, 15194]",[],0.0
"[15195, 15209]",[],0.0
"[15210, 15224]",[],0.0
"[15225, 15239]",[],0.0
"[15240, 15254]",[],0.0
"[15255, 15269]",[],0.0
"[15270, 15284]",[],0.0
"[15285, 15299]",[],0.0
"[15300, 15314]",[],0.0
"[15315, 15329]",[],0.0
"[15330, 15344]",[],0.0
"[15345, 15359]",[],0.0
"[15360, 15374]",[],0.0
"[15375, 15389]",[],0.0
"[15390, 15404]",[],0.0
"[15405, 15419]",[],0.0
"[15420, 15434]",[],0.0
"[15435, 15449]",[],0.0
"[15450, 15464]",[],0.0
"[15465, 15479]",[],0.0
"[15480, 15494]",[],0.0
"[15495, 15509]",[],0.0
"[15510, 15524]",[],0.0
"[15525, 15539]",[],0.0
"[15540, 15554]",[],0.0
"[15555, 15569]",[],0.0
"[15570, 15584]",[],0.0
"[15585, 15599]",[],0.0
"[15600, 15614]",[],0.0
"[15615, 15629]",[],0.0
"[15630, 15644]",[],0.0
"[15645, 15659]",[],0.0
"[15660, 15674]",[],0.0
"[15675, 15689]",[],0.0
"[15690, 15704]",[],0.0
"[15705, 15719]",[],0.0
"[15720, 15734]",[],0.0
"[15735, 15749]",[],0.0
"[15750, 15764]",[],0.0
"[15765, 15779]",[],0.0
"[15780, 15794]",[],0.0
"[15795, 15809]",[],0.0
"[15810, 15824]",[],0.0
"[15825, 15839]",[],0.0
"[15840, 15854]",[],0.0
"[15855, 15869]",[],0.0
"[15870, 15884]",[],0.0
"[15885, 15899]",[],0.0
"[15900, 15914]",[],0.0
"[15915, 15929]",[],0.0
"[15930, 15944]",[],0.0
"[15945, 15959]",[],0.0
"[15960, 15974]",[],0.0
"[15975, 15989]",[],0.0
"[15990, 16004]",[],0.0
"[16005, 16019]",[],0.0
"[16020, 16034]",[],0.0
"[16035, 16049]",[],0.0
"[16050, 16064]",[],0.0
"[16065, 16079]",[],0.0
"[16080, 16094]",[],0.0
"[16095, 16109]",[],0.0
"[16110, 16124]",[],0.0
"[16125, 16139]",[],0.0
"[16140, 16154]",[],0.0
"[16155, 16169]",[],0.0
"[16170, 16184]",[],0.0
"[16185, 16199]",[],0.0
"[16200, 16214]",[],0.0
"[16215, 16229]",[],0.0
"[16230, 16244]",[],0.0
"[16245, 16259]",[],0.0
"[16260, 16274]",[],0.0
"[16275, 16289]",[],0.0
"[16290, 16304]",[],0.0
"[16305, 16319]",[],0.0
"[16320, 16334]",[],0.0
"[16335, 16349]",[],0.0
"[16350, 16364]",[],0.0
"[16365, 16379]",[],0.0
"[16380, 16394]",[],0.0
"[16395, 16409]",[],0.0
"[16410, 16424]",[],0.0
"[16425, 16439]",[],0.0
"[16440, 16454]",[],0.0
"[16455, 16469]",[],0.0
"[16470, 16484]",[],0.0
"[16485, 16499]",[],0.0
"[16500, 16514]",[],0.0
"[16515, 16529]",[],0.0
"[16530, 16544]",[],0.0
"[16545, 16559]",[],0.0
"[16560, 16574]",[],0.0
"[16575, 16589]",[],0.0
"[16590, 16604]",[],0.0
"[16605, 16619]",[],0.0
"[16620, 16634]",[],0.0
"[16635, 16649]",[],0.0
"[16650, 16664]",[],0.0
"[16665, 16679]",[],0.0
"[16680, 16694]",[],0.0
"[16695, 16709]",[],0.0
"[16710, 16724]",[],0.0
"[16725, 16739]",[],0.0
"[16740, 16754]",[],0.0
"[16755, 16769]",[],0.0
"[16770, 16784]",[],0.0
"[16785, 16799]",[],0.0
"[16800, 16814]",[],0.0
"[16815, 16829]",[],0.0
"[16830, 16844]",[],0.0
"[16845, 16859]",[],0.0
"[16860, 16874]",[],0.0
"[16875, 16889]",[],0.0
"[16890, 16904]",[],0.0
"[16905, 16919]",[],0.0
"[16920, 16934]",[],0.0
"[16935, 16949]",[],0.0
"[16950, 16964]",[],0.0
"[16965, 16979]",[],0.0
"[16980, 16994]",[],0.0
"[16995, 17009]",[],0.0
"[17010, 17024]",[],0.0
"[17025, 17039]",[],0.0
"[17040, 17054]",[],0.0
"[17055, 17069]",[],0.0
"[17070, 17084]",[],0.0
"[17085, 17099]",[],0.0
"[17100, 17114]",[],0.0
"[17115, 17129]",[],0.0
"[17130, 17144]",[],0.0
"[17145, 17159]",[],0.0
"[17160, 17174]",[],0.0
"[17175, 17189]",[],0.0
"[17190, 17204]",[],0.0
"[17205, 17219]",[],0.0
"[17220, 17234]",[],0.0
"[17235, 17249]",[],0.0
"[17250, 17264]",[],0.0
"[17265, 17279]",[],0.0
"[17280, 17294]",[],0.0
"[17295, 17309]",[],0.0
"[17310, 17324]",[],0.0
"[17325, 17339]",[],0.0
"[17340, 17354]",[],0.0
"[17355, 17369]",[],0.0
"[17370, 17384]",[],0.0
"[17385, 17399]",[],0.0
"[17400, 17414]",[],0.0
"[17415, 17429]",[],0.0
"[17430, 17444]",[],0.0
"[17445, 17459]",[],0.0
"[17460, 17474]",[],0.0
"[17475, 17489]",[],0.0
"[17490, 17504]",[],0.0
"[17505, 17519]",[],0.0
"[17520, 17534]",[],0.0
"[17535, 17549]",[],0.0
"[17550, 17564]",[],0.0
"[17565, 17579]",[],0.0
"[17580, 17594]",[],0.0
"[17595, 17609]",[],0.0
"[17610, 17624]",[],0.0
"[17625, 17639]",[],0.0
"[17640, 17654]",[],0.0
"[17655, 17669]",[],0.0
"[17670, 17684]",[],0.0
"[17685, 17699]",[],0.0
"[17700, 17714]",[],0.0
"[17715, 17729]",[],0.0
"[17730, 17744]",[],0.0
"[17745, 17759]",[],0.0
"[17760, 17774]",[],0.0
"[17775, 17789]",[],0.0
"[17790, 17804]",[],0.0
"[17805, 17819]",[],0.0
"[17820, 17834]",[],0.0
"[17835, 17849]",[],0.0
"[17850, 17864]",[],0.0
"[17865, 17879]",[],0.0
"[17880, 17894]",[],0.0
"[17895, 17909]",[],0.0
"[17910, 17924]",[],0.0
"[17925, 17939]",[],0.0
"[17940, 17954]",[],0.0
"[17955, 17969]",[],0.0
"[17970, 17984]",[],0.0
"[17985, 17999]",[],0.0
"[18000, 18014]",[],0.0
"[18015, 18029]",[],0.0
"[18030, 18044]",[],0.0
"[18045, 18059]",[],0.0
"[18060, 18074]",[],0.0
"[18075, 18089]",[],0.0
"[18090, 18104]",[],0.0
"[18105, 18119]",[],0.0
"[18120, 18134]",[],0.0
"[18135, 18149]",[],0.0
"[18150, 18164]",[],0.0
"[18165, 18179]",[],0.0
"[18180, 18194]",[],0.0
"[18195, 18209]",[],0.0
"[18210, 18224]",[],0.0
"[18225, 18239]",[],0.0
"[18240, 18254]",[],0.0
"[18255, 18269]",[],0.0
"[18270, 18284]",[],0.0
"[18285, 18299]",[],0.0
"[18300, 18314]",[],0.0
"[18315, 18329]",[],0.0
"[18330, 18344]",[],0.0
"[18345, 18359]",[],0.0
"[18360, 18374]",[],0.0
"[18375, 18389]",[],0.0
"[18390, 18404]",[],0.0
"[18405, 18419]",[],0.0
"[18420, 18434]",[],0.0
"[18435, 18449]",[],0.0
"[18450, 18464]",[],0.0
"[18465, 18479]",[],0.0
"[18480, 18494]",[],0.0
"[18495, 18509]",[],0.0
"[18510, 18524]",[],0.0
"[18525, 18539]",[],0.0
"[18540, 18554]",[],0.0
"[18555, 18569]",[],0.0
"[18570, 18584]",[],0.0
"[18585, 18599]",[],0.0
"[18600, 18614]",[],0.0
"[18615, 18629]",[],0.0
"[18630, 18644]",[],0.0
"[18645, 18659]",[],0.0
"[18660, 18674]",[],0.0
"[18675, 18689]",[],0.0
"[18690, 18704]",[],0.0
"[18705, 18719]",[],0.0
"[18720, 18734]",[],0.0
"[18735, 18749]",[],0.0
"[18750, 18764]",[],0.0
"[18765, 18779]",[],0.0
"[18780, 18794]",[],0.0
"[18795, 18809]",[],0.0
"[18810, 18824]",[],0.0
"[18825, 18839]",[],0.0
"[18840, 18854]",[],0.0
"[18855, 18869]",[],0.0
"[18870, 18884]",[],0.0
"[18885, 18899]",[],0.0
"[18900, 18914]",[],0.0
"[18915, 18929]",[],0.0
"[18930, 18944]",[],0.0
"[18945, 18959]",[],0.0
"[18960, 18974]",[],0.0
"[18975, 18989]",[],0.0
"[18990, 19004]",[],0.0
"[19005, 19019]",[],0.0
"[19020, 19034]",[],0.0
"[19035, 19049]",[],0.0
"[19050, 19064]",[],0.0
"[19065, 19079]",[],0.0
"[19080, 19094]",[],0.0
"[19095, 19109]",[],0.0
"[19110, 19124]",[],0.0
"[19125, 19139]",[],0.0
"[19140, 19154]",[],0.0
"[19155, 19169]",[],0.0
"[19170, 19184]",[],0.0
"[19185, 19199]",[],0.0
"[19200, 19214]",[],0.0
"[19215, 19229]",[],0.0
"[19230, 19244]",[],0.0
"[19245, 19259]",[],0.0
"[19260, 19274]",[],0.0
"[19275, 19289]",[],0.0
"[19290, 19304]",[],0.0
"[19305, 19319]",[],0.0
"[19320, 19334]",[],0.0
"[19335, 19349]",[],0.0
"[19350, 19364]",[],0.0
"[19365, 19379]",[],0.0
"[19380, 19394]",[],0.0
"[19395, 19409]",[],0.0
"[19410, 19424]",[],0.0
"[19425, 19439]",[],0.0
"[19440, 19454]",[],0.0
"[19455, 19469]",[],0.0
"[19470, 19484]",[],0.0
"[19485, 19499]",[],0.0
"[19500, 19514]",[],0.0
"[19515, 19529]",[],0.0
"[19530, 19544]",[],0.0
"[19545, 19559]",[],0.0
"[19560, 19574]",[],0.0
"[19575, 19589]",[],0.0
"[19590, 19604]",[],0.0
"[19605, 19619]",[],0.0
"[19620, 19634]",[],0.0
"[19635, 19649]",[],0.0
"[19650, 19664]",[],0.0
"[19665, 19679]",[],0.0
"[19680, 19694]",[],0.0
"[19695, 19709]",[],0.0
"[19710, 19724]",[],0.0
"[19725, 19739]",[],0.0
"[19740, 19754]",[],0.0
"[19755, 19769]",[],0.0
"[19770, 19784]",[],0.0
"[19785, 19799]",[],0.0
"[19800, 19814]",[],0.0
"[19815, 19829]",[],0.0
"[19830, 19844]",[],0.0
"[19845, 19859]",[],0.0
"[19860, 19874]",[],0.0
"[19875, 19889]",[],0.0
"[19890, 19904]",[],0.0
"[19905, 19919]",[],0.0
"[19920, 19934]",[],0.0
"[19935, 19949]",[],0.0
"[19950, 19964]",[],0.0
"[19965, 19979]",[],0.0
"[19980, 19994]",[],0.0
"[19995, 20009]",[],0.0
"[20010, 20024]",[],0.0
"[20025, 20039]",[],0.0
"[20040, 20054]",[],0.0
"[20055, 20069]",[],0.0
"[20070, 20084]",[],0.0
"[20085, 20099]",[],0.0
"[20100, 20114]",[],0.0
"[20115, 20129]",[],0.0
"[20130, 20144]",[],0.0
"[20145, 20159]",[],0.0
"[20160, 20174]",[],0.0
"[20175, 20189]",[],0.0
"[20190, 20204]",[],0.0
"[20205, 20219]",[],0.0
"[20220, 20234]",[],0.0
"[20235, 20249]",[],0.0
"[20250, 20264]",[],0.0
"[20265, 20279]",[],0.0
"[20280, 20294]",[],0.0
"[20295, 20309]",[],0.0
"[20310, 20324]",[],0.0
"[20325, 20339]",[],0.0
"[20340, 20354]",[],0.0
"[20355, 20369]",[],0.0
"[20370, 20384]",[],0.0
"[20385, 20399]",[],0.0
"[20400, 20414]",[],0.0
"[20415, 20429]",[],0.0
"[20430, 20444]",[],0.0
"[20445, 20459]",[],0.0
"[20460, 20474]",[],0.0
"[20475, 20489]",[],0.0
"[20490, 20504]",[],0.0
"[20505, 20519]",[],0.0
"[20520, 20534]",[],0.0
"[20535, 20549]",[],0.0
"[20550, 20564]",[],0.0
"[20565, 20579]",[],0.0
"[20580, 20594]",[],0.0
"[20595, 20609]",[],0.0
"[20610, 20624]",[],0.0
"[20625, 20639]",[],0.0
"[20640, 20654]",[],0.0
"[20655, 20669]",[],0.0
"[20670, 20684]",[],0.0
"[20685, 20699]",[],0.0
"[20700, 20714]",[],0.0
"[20715, 20729]",[],0.0
"[20730, 20744]",[],0.0
"[20745, 20759]",[],0.0
"[20760, 20774]",[],0.0
"[20775, 20789]",[],0.0
"[20790, 20804]",[],0.0
"[20805, 20819]",[],0.0
"[20820, 20834]",[],0.0
"[20835, 20849]",[],0.0
"[20850, 20864]",[],0.0
"[20865, 20879]",[],0.0
"[20880, 20894]",[],0.0
"[20895, 20909]",[],0.0
"[20910, 20924]",[],0.0
"[20925, 20939]",[],0.0
"[20940, 20954]",[],0.0
"[20955, 20969]",[],0.0
"[20970, 20984]",[],0.0
"[20985, 20999]",[],0.0
"[21000, 21014]",[],0.0
"[21015, 21029]",[],0.0
"[21030, 21044]",[],0.0
"[21045, 21059]",[],0.0
"[21060, 21074]",[],0.0
"[21075, 21089]",[],0.0
"[21090, 21104]",[],0.0
"[21105, 21119]",[],0.0
"[21120, 21134]",[],0.0
"[21135, 21149]",[],0.0
"[21150, 21164]",[],0.0
"[21165, 21179]",[],0.0
"[21180, 21194]",[],0.0
"[21195, 21209]",[],0.0
"[21210, 21224]",[],0.0
"[21225, 21239]",[],0.0
"[21240, 21254]",[],0.0
"[21255, 21269]",[],0.0
"[21270, 21284]",[],0.0
"[21285, 21299]",[],0.0
"[21300, 21314]",[],0.0
"[21315, 21329]",[],0.0
"[21330, 21344]",[],0.0
"[21345, 21359]",[],0.0
"[21360, 21374]",[],0.0
"[21375, 21389]",[],0.0
"[21390, 21404]",[],0.0
"[21405, 21419]",[],0.0
"[21420, 21434]",[],0.0
"[21435, 21449]",[],0.0
"[21450, 21464]",[],0.0
"[21465, 21479]",[],0.0
"[21480, 21494]",[],0.0
"[21495, 21509]",[],0.0
"[21510, 21524]",[],0.0
"[21525, 21539]",[],0.0
"[21540, 21554]",[],0.0
"[21555, 21569]",[],0.0
"[21570, 21584]",[],0.0
"[21585, 21599]",[],0.0
"[21600, 21614]",[],0.0
"[21615, 21629]",[],0.0
"[21630, 21644]",[],0.0
"[21645, 21659]",[],0.0
"[21660, 21674]",[],0.0
"[21675, 21689]",[],0.0
"[21690, 21704]",[],0.0
"[21705, 21719]",[],0.0
"[21720, 21734]",[],0.0
"[21735, 21749]",[],0.0
"[21750, 21764]",[],0.0
"[21765, 21779]",[],0.0
"[21780, 21794]",[],0.0
"[21795, 21809]",[],0.0
"[21810, 21824]",[],0.0
"[21825, 21839]",[],0.0
"[21840, 21854]",[],0.0
"[21855, 21869]",[],0.0
"[21870, 21884]",[],0.0
"[21885, 21899]",[],0.0
"[21900, 21914]",[],0.0
"[21915, 21929]",[],0.0
"[21930, 21944]",[],0.0
"[21945, 21959]",[],0.0
"[21960, 21974]",[],0.0
"[21975, 21989]",[],0.0
"[21990, 22004]",[],0.0
"[22005, 22019]",[],0.0
"[22020, 22034]",[],0.0
"[22035, 22049]",[],0.0
"[22050, 22064]",[],0.0
"[22065, 22079]",[],0.0
"[22080, 22094]",[],0.0
"[22095, 22109]",[],0.0
"[22110, 22124]",[],0.0
"[22125, 22139]",[],0.0
"[22140, 22154]",[],0.0
"[22155, 22169]",[],0.0
"[22170, 22184]",[],0.0
"[22185, 22199]",[],0.0
"[22200, 22214]",[],0.0
"[22215, 22229]",[],0.0
"[22230, 22244]",[],0.0
"[22245, 22259]",[],0.0
"[22260, 22274]",[],0.0
"[22275, 22289]",[],0.0
"[22290, 22304]",[],0.0
"[22305, 22319]",[],0.0
"[22320, 22334]",[],0.0
"[22335, 22349]",[],0.0
"[22350, 22364]",[],0.0
"[22365, 22379]",[],0.0
"[22380, 22394]",[],0.0
"[22395, 22409]",[],0.0
"[22410, 22424]",[],0.0
"[22425, 22439]",[],0.0
"[22440, 22454]",[],0.0
"[22455, 22469]",[],0.0
"[22470, 22484]",[],0.0
"[22485, 22499]",[],0.0
"[22500, 22514]",[],0.0
"[22515, 22529]",[],0.0
"[22530, 22544]",[],0.0
"[22545, 22559]",[],0.0
"[22560, 22574]",[],0.0
"[22575, 22589]",[],0.0
"[22590, 22604]",[],0.0
"[22605, 22619]",[],0.0
"[22620, 22634]",[],0.0
"[22635, 22649]",[],0.0
"[22650, 22664]",[],0.0
"[22665, 22679]",[],0.0
"[22680, 22694]",[],0.0
"[22695, 22709]",[],0.0
"[22710, 22724]",[],0.0
"[22725, 22739]",[],0.0
"[22740, 22754]",[],0.0
"[22755, 22769]",[],0.0
"[22770, 22784]",[],0.0
"[22785, 22799]",[],0.0
"[22800, 22814]",[],0.0
"[22815, 22829]",[],0.0
"[22830, 22844]",[],0.0
"[22845, 22859]",[],0.0
"[22860, 22874]",[],0.0
"[22875, 22889]",[],0.0
"[22890, 22904]",[],0.0
"[22905, 22919]",[],0.0
"[22920, 22934]",[],0.0
"[22935, 22949]",[],0.0
"[22950, 22964]",[],0.0
"[22965, 22979]",[],0.0
"[22980, 22994]",[],0.0
"[22995, 23009]",[],0.0
"[23010, 23024]",[],0.0
"[23025, 23039]",[],0.0
"[23040, 23054]",[],0.0
"[23055, 23069]",[],0.0
"[23070, 23084]",[],0.0
"[23085, 23099]",[],0.0
"[23100, 23114]",[],0.0
"[23115, 23129]",[],0.0
"[23130, 23144]",[],0.0
"[23145, 23159]",[],0.0
"[23160, 23174]",[],0.0
"[23175, 23189]",[],0.0
"[23190, 23204]",[],0.0
"[23205, 23219]",[],0.0
"[23220, 23234]",[],0.0
"[23235, 23249]",[],0.0
"[23250, 23264]",[],0.0
"[23265, 23279]",[],0.0
"[23280, 23294]",[],0.0
"[23295, 23309]",[],0.0
"[23310, 23324]",[],0.0
"[23325, 23339]",[],0.0
"[23340, 23354]",[],0.0
"[23355, 23369]",[],0.0
"[23370, 23384]",[],0.0
"[23385, 23399]",[],0.0
"[23400, 23414]",[],0.0
"[23415, 23429]",[],0.0
"[23430, 23444]",[],0.0
"[23445, 23459]",[],0.0
"[23460, 23474]",[],0.0
"[23475, 23489]",[],0.0
"[23490, 23504]",[],0.0
"[23505, 23519]",[],0.0
"[23520, 23534]",[],0.0
"[23535, 23549]",[],0.0
"[23550, 23564]",[],0.0
"[23565, 23579]",[],0.0
"[23580, 23594]",[],0.0
"[23595, 23609]",[],0.0
"[23610, 23624]",[],0.0
"[23625, 23639]",[],0.0
"[23640, 23654]",[],0.0
"[23655, 23669]",[],0.0
"[23670, 23684]",[],0.0
"[23685, 23699]",[],0.0
"[23700, 23714]",[],0.0
"[23715, 23729]",[],0.0
"[23730, 23744]",[],0.0
"[23745, 23759]",[],0.0
"[23760, 23774]",[],0.0
"[23775, 23789]",[],0.0
"[23790, 23804]",[],0.0
"[23805, 23819]",[],0.0
"[23820, 23834]",[],0.0
"[23835, 23849]",[],0.0
"[23850, 23864]",[],0.0
"[23865, 23879]",[],0.0
"[23880, 23894]",[],0.0
"[23895, 23909]",[],0.0
"[23910, 23924]",[],0.0
"[23925, 23939]",[],0.0
"[23940, 23954]",[],0.0
"[23955, 23969]",[],0.0
"[23970, 23984]",[],0.0
"[23985, 23999]",[],0.0
"[24000, 24014]",[],0.0
"[24015, 24029]",[],0.0
"[24030, 24044]",[],0.0
"[24045, 24059]",[],0.0
"[24060, 24074]",[],0.0
"[24075, 24089]",[],0.0
"[24090, 24104]",[],0.0
"[24105, 24119]",[],0.0
"[24120, 24134]",[],0.0
"[24135, 24149]",[],0.0
"[24150, 24164]",[],0.0
"[24165, 24179]",[],0.0
"[24180, 24194]",[],0.0
"[24195, 24209]",[],0.0
"[24210, 24224]",[],0.0
"[24225, 24239]",[],0.0
"[24240, 24254]",[],0.0
"[24255, 24269]",[],0.0
"[24270, 24284]",[],0.0
"[24285, 24299]",[],0.0
"[24300, 24314]",[],0.0
"[24315, 24329]",[],0.0
"[24330, 24344]",[],0.0
"[24345, 24359]",[],0.0
"[24360, 24374]",[],0.0
"[24375, 24389]",[],0.0
"[24390, 24404]",[],0.0
"[24405, 24419]",[],0.0
"[24420, 24434]",[],0.0
"[24435, 24449]",[],0.0
"[24450, 24464]",[],0.0
"[24465, 24479]",[],0.0
"[24480, 24494]",[],0.0
"[24495, 24509]",[],0.0
"[24510, 24524]",[],0.0
"[24525, 24539]",[],0.0
"[24540, 24554]",[],0.0
"[24555, 24569]",[],0.0
"[24570, 24584]",[],0.0
"[24585, 24599]",[],0.0
"[24600, 24614]",[],0.0
"[24615, 24629]",[],0.0
"[24630, 24644]",[],0.0
"[24645, 24659]",[],0.0
"[24660, 24674]",[],0.0
"[24675, 24689]",[],0.0
"[24690, 24704]",[],0.0
"[24705, 24719]",[],0.0
"[24720, 24734]",[],0.0
"[24735, 24749]",[],0.0
"[24750, 24764]",[],0.0
"[24765, 24779]",[],0.0
"[24780, 24794]",[],0.0
"[24795, 24809]",[],0.0
"[24810, 24824]",[],0.0
"[24825, 24839]",[],0.0
"[24840, 24854]",[],0.0
"[24855, 24869]",[],0.0
"[24870, 24884]",[],0.0
"[24885, 24899]",[],0.0
"[24900, 24914]",[],0.0
"[24915, 24929]",[],0.0
"[24930, 24944]",[],0.0
"[24945, 24959]",[],0.0
"[24960, 24974]",[],0.0
"[24975, 24989]",[],0.0
"[24990, 25004]",[],0.0
"[25005, 25019]",[],0.0
"[25020, 25034]",[],0.0
"[25035, 25049]",[],0.0
"[25050, 25064]",[],0.0
"[25065, 25079]",[],0.0
"[25080, 25094]",[],0.0
"[25095, 25109]",[],0.0
"[25110, 25124]",[],0.0
"[25125, 25139]",[],0.0
"[25140, 25154]",[],0.0
"[25155, 25169]",[],0.0
"[25170, 25184]",[],0.0
"[25185, 25199]",[],0.0
"[25200, 25214]",[],0.0
"[25215, 25229]",[],0.0
"[25230, 25244]",[],0.0
"[25245, 25259]",[],0.0
"[25260, 25274]",[],0.0
"[25275, 25289]",[],0.0
"[25290, 25304]",[],0.0
"[25305, 25319]",[],0.0
"[25320, 25334]",[],0.0
"[25335, 25349]",[],0.0
"[25350, 25364]",[],0.0
"[25365, 25379]",[],0.0
"[25380, 25394]",[],0.0
"[25395, 25409]",[],0.0
"[25410, 25424]",[],0.0
"[25425, 25439]",[],0.0
"[25440, 25454]",[],0.0
"[25455, 25469]",[],0.0
"[25470, 25484]",[],0.0
"[25485, 25499]",[],0.0
"[25500, 25514]",[],0.0
"[25515, 25529]",[],0.0
"[25530, 25544]",[],0.0
"[25545, 25559]",[],0.0
"[25560, 25574]",[],0.0
"[25575, 25589]",[],0.0
"[25590, 25604]",[],0.0
"[25605, 25619]",[],0.0
"[25620, 25634]",[],0.0
"[25635, 25649]",[],0.0
"[25650, 25664]",[],0.0
"[25665, 25679]",[],0.0
"[25680, 25694]",[],0.0
"[25695, 25709]",[],0.0
"[25710, 25724]",[],0.0
"[25725, 25739]",[],0.0
"[25740, 25754]",[],0.0
"[25755, 25769]",[],0.0
"[25770, 25784]",[],0.0
"[25785, 25799]",[],0.0
"[25800, 25814]",[],0.0
"[25815, 25829]",[],0.0
"[25830, 25844]",[],0.0
"[25845, 25859]",[],0.0
"[25860, 25874]",[],0.0
"[25875, 25889]",[],0.0
"[25890, 25904]",[],0.0
"[25905, 25919]",[],0.0
"[25920, 25934]",[],0.0
"[25935, 25949]",[],0.0
"[25950, 25964]",[],0.0
"[25965, 25979]",[],0.0
"[25980, 25994]",[],0.0
"[25995, 26009]",[],0.0
"[26010, 26024]",[],0.0
"[26025, 26039]",[],0.0
"[26040, 26054]",[],0.0
"[26055, 26069]",[],0.0
"[26070, 26084]",[],0.0
"[26085, 26099]",[],0.0
"[26100, 26114]",[],0.0
"[26115, 26129]",[],0.0
"[26130, 26144]",[],0.0
"[26145, 26159]",[],0.0
"[26160, 26174]",[],0.0
"[26175, 26189]",[],0.0
"[26190, 26204]",[],0.0
"[26205, 26219]",[],0.0
"[26220, 26234]",[],0.0
"[26235, 26249]",[],0.0
"[26250, 26264]",[],0.0
"[26265, 26279]",[],0.0
"[26280, 26294]",[],0.0
"[26295, 26309]",[],0.0
"[26310, 26324]",[],0.0
"[26325, 26339]",[],0.0
"[26340, 26354]",[],0.0
"[26355, 26369]",[],0.0
"[26370, 26384]",[],0.0
"[26385, 26399]",[],0.0
"[26400, 26414]",[],0.0
"[26415, 26429]",[],0.0
"[26430, 26444]",[],0.0
"[26445, 26459]",[],0.0
"[26460, 26474]",[],0.0
"[26475, 26489]",[],0.0
"[26490, 26504]",[],0.0
"[26505, 26519]",[],0.0
"[26520, 26534]",[],0.0
"[26535, 26549]",[],0.0
"[26550, 26564]",[],0.0
"[26565, 26579]",[],0.0
"[26580, 26594]",[],0.0
"[26595, 26609]",[],0.0
"[26610, 26624]",[],0.0
"[26625, 26639]",[],0.0
"[26640, 26654]",[],0.0
"[26655, 26669]",[],0.0
"[26670, 26684]",[],0.0
"[26685, 26699]",[],0.0
"[26700, 26714]",[],0.0
"[26715, 26729]",[],0.0
"[26730, 26744]",[],0.0
"[26745, 26759]",[],0.0
"[26760, 26774]",[],0.0
"[26775, 26789]",[],0.0
"[26790, 26804]",[],0.0
"[26805, 26819]",[],0.0
"[26820, 26834]",[],0.0
"[26835, 26849]",[],0.0
"[26850, 26864]",[],0.0
"[26865, 26879]",[],0.0
"[26880, 26894]",[],0.0
"[26895, 26909]",[],0.0
"[26910, 26924]",[],0.0
"[26925, 26939]",[],0.0
"[26940, 26954]",[],0.0
"[26955, 26969]",[],0.0
"[26970, 26984]",[],0.0
"[26985, 26999]",[],0.0
"[27000, 27014]",[],0.0
"[27015, 27029]",[],0.0
"[27030, 27044]",[],0.0
"[27045, 27059]",[],0.0
"[27060, 27074]",[],0.0
"[27075, 27089]",[],0.0
"[27090, 27104]",[],0.0
"[27105, 27119]",[],0.0
"[27120, 27134]",[],0.0
"[27135, 27149]",[],0.0
"[27150, 27164]",[],0.0
"[27165, 27179]",[],0.0
"[27180, 27194]",[],0.0
"[27195, 27209]",[],0.0
"[27210, 27224]",[],0.0
"[27225, 27239]",[],0.0
"[27240, 27254]",[],0.0
"[27255, 27269]",[],0.0
"[27270, 27284]",[],0.0
"[27285, 27299]",[],0.0
"[27300, 27314]",[],0.0
"[27315, 27329]",[],0.0
"[27330, 27344]",[],0.0
"[27345, 27359]",[],0.0
"[27360, 27374]",[],0.0
"[27375, 27389]",[],0.0
"[27390, 27404]",[],0.0
"[27405, 27419]",[],0.0
"[27420, 27434]",[],0.0
"[27435, 27449]",[],0.0
"[27450, 27464]",[],0.0
"[27465, 27479]",[],0.0
"[27480, 27494]",[],0.0
"[27495, 27509]",[],0.0
"[27510, 27524]",[],0.0
"[27525, 27539]",[],0.0
"[27540, 27554]",[],0.0
"[27555, 27569]",[],0.0
"[27570, 27584]",[],0.0
"[27585, 27599]",[],0.0
"[27600, 27614]",[],0.0
"[27615, 27629]",[],0.0
"[27630, 27644]",[],0.0
"[27645, 27659]",[],0.0
"[27660, 27674]",[],0.0
"[27675, 27689]",[],0.0
"[27690, 27704]",[],0.0
"[27705, 27719]",[],0.0
"[27720, 27734]",[],0.0
"[27735, 27749]",[],0.0
"[27750, 27764]",[],0.0
"[27765, 27779]",[],0.0
"[27780, 27794]",[],0.0
"[27795, 27809]",[],0.0
"[27810, 27824]",[],0.0
"[27825, 27839]",[],0.0
"[27840, 27854]",[],0.0
"[27855, 27869]",[],0.0
"[27870, 27884]",[],0.0
"[27885, 27899]",[],0.0
"[27900, 27914]",[],0.0
"[27915, 27929]",[],0.0
"[27930, 27944]",[],0.0
"[27945, 27959]",[],0.0
"[27960, 27974]",[],0.0
"[27975, 27989]",[],1.4
"[27990, 28004]","[(28000, 2.8)]",4.35
"[28005, 28019]","[(28010, 3.1)]",5.8
"[28020, 28034]","[(28020, 2.6)]",4.15
"[28035, 28049]",[],1.3
"[28050, 28064]",[],0.0
"[28065, 28079]",[],0.0
"[28080, 28094]",[],0.0
"[28095, 28109]",[],0.0
"[28110, 28124]",[],0.0
"[28125, 28139]",[],0.0
"[28140, 28154]",[],0.0
"[28155, 28169]",[],0.0
"[28170, 28184]",[],0.0
"[28185, 28199]",[],0.0
"[28200, 28214]",[],0.0
"[28215, 28229]",[],0.0
"[28230, 28244]",[],0.0
"[28245, 28259]",[],0.0
"[28260, 28274]",[],0.0
"[28275, 28289]",[],0.0
"[28290, 28304]",[],0.0
"[28305, 28319]",[],0.0
"[28320, 28334]",[],0.0
"[28335, 28349]",[],0.0
"[28350, 28364]",[],0.0
"[28365, 28379]",[],0.0
"[28380, 28394]",[],0.0
"[28395, 28409]",[],0.0
"[28410, 28424]",[],0.0
"[28425, 28439]",[],0.0
"[28440, 28454]",[],0.0
"[28455, 28469]",[],0.0
"[28470, 28484]",[],0.0
"[28485, 28499]",[],0.0
"[28500, 28514]",[],0.0
"[28515, 28529]",[],0.0
"[28530, 28544]",[],0.0
"[28545, 28559]",[],0.0
"[28560, 28574]",[],0.0
"[28575, 28589]",[],0.0
"[28590, 28604]",[],0.0
"[28605, 28619]",[],0.0
"[28620, 28634]",[],0.0
"[28635, 28649]",[],0.0
"[28650, 28664]",[],0.0
"[28665, 28679]",[],0.0
"[28680, 28694]",[],0.0
"[28695, 28709]",[],0.0
"[28710, 28724]",[],0.0
"[28725, 28739]",[],0.0
"[28740, 28754]",[],0.0
"[28755, 28769]",[],0.0
"[28770, 28784]",[],0.0
"[28785, 28799]",[],0.0
"[28800, 28814]",[],0.0
"[28815, 28829]",[],0.0
"[28830, 28844]",[],0.0
"[28845, 28859]",[],0.0
"[28860, 28874]",[],0.0
"[28875, 28889]",[],0.0
"[28890, 28904]",[],0.0
"[28905, 28919]",[],0.0
"[28920, 28934]",[],0.0
"[28935, 28949]",[],0.0
"[28950, 28964]",[],0.0
"[28965, 28979]",[],0.0
"[28980, 28994]",[],0.0
"[28995, 29009]",[],0.0
"[29010, 29024]",[],0.0
"[29025, 29039]",[],0.0
"[29040, 29054]",[],0.0
"[29055, 29069]",[],0.0
"[29070, 29084]",[],0.0
"[29085, 29099]",[],0.0
"[29100, 29114]",[],0.0
"[29115, 29129]",[],0.0
"[29130, 29144]",[],0.0
"[29145, 29159]",[],0.0
"[29160, 29174]",[],0.0
"[29175, 29189]",[],0.0
"[29190, 29204]",[],0.0
"[29205, 29219]",[],0.0
"[29220, 29234]",[],0.0
"[29235, 29249]",[],0.0
"[29250, 29264]",[],0.0
"[29265, 29279]",[],0.0
"[29280, 29294]",[],0.0
"[29295, 29309]",[],0.0
"[29310, 29324]",[],0.0
"[29325, 29339]",[],0.0
"[29340, 29354]",[],0.0
"[29355, 29369]",[],0.0
"[29370, 29384]",[],0.0
"[29385, 29399]",[],0.0
"[29400, 29414]",[],0.0
"[29415, 29429]",[],0.0
"[29430, 29444]",[],0.0
"[29445, 29459]",[],0.0
"[29460, 29474]",[],0.0
"[29475, 29489]",[],0.0
"[29490, 29504]",[],0.0
"[29505, 29519]",[],0.0
"[29520, 29534]",[],0.0
"[29535, 29549]",[],0.0
"[29550, 29564]",[],0.0
"[29565, 29579]",[],0.0
"[29580, 29594]",[],0.0
"[29595, 29609]",[],0.0
"[29610, 29624]",[],0.0
"[29625, 29639]",[],0.0
"[29640, 29654]",[],0.0
"[29655, 29669]",[],0.0
"[29670, 29684]",[],0.0
"[29685, 29699]",[],0.0
"[29700, 29714]",[],0.0
"[29715, 29729]",[],0.0
"[29730, 29744]",[],0.0
"[29745, 29759]",[],0.0
"[29760, 29774]",[],0.0
"[29775, 29789]",[],0.0
"[29790, 29804]",[],0.0
"[29805, 29819]",[],0.0
"[29820, 29834]",[],0.0
"[29835, 29849]",[],0.0
"[29850, 29864]",[],0.0
"[29865, 29879]",[],0.0
"[29880, 29894]",[],0.0
"[29895, 29909]",[],0.0
"[29910, 29924]",[],0.0
"[29925, 29939]",[],0.0
"[29940, 29954]",[],0.0
"[29955, 29969]",[],0.0
"[29970, 29984]",[],0.0
"[29985, 29999]",[],0.0
