Sub-subregion,Mutations,Positional Score
"[1, 30, 0, 29]","[(13, 0.3), (29, 6.0)]",1.575
"[2, 30, 30, 59]","[(48, 3.0), (50, 2.5)]",1.375
"[3, 30, 60, 89]","[(65, 1.8), (79, 0.2)]",0.5
"[4, 30, 90, 119]","[(98, 0.8)]",0.2
"[5, 30, 120, 149]",[],0.0
"[6, 30, 150, 179]",[],0.0
"[7, 30, 180, 209]",[],0.0
"[8, 30, 210, 239]",[],0.0
"[9, 30, 240, 269]",[],0.0
"[10, 30, 270, 299]",[],0.0
"[11, 30, 300, 329]",[],0.0
"[12, 30, 330, 359]",[],0.0
"[13, 30, 360, 389]",[],0.0
"[14, 30, 390, 419]",[],0.0
"[15, 30, 420, 449]",[],0.0
"[16, 30, 450, 479]",[],0.0
"[17, 30, 480, 509]","[(481, 3.0), (500, 2.5)]",1.375
"[18, 30, 510, 539]","[(510, 1.8)]",0.45
"[19, 30, 540, 569]",[],0.0
"[20, 30, 570, 599]",[],0.0
"[21, 30, 600, 629]",[],0.0
"[22, 30, 630, 659]",[],0.0
"[23, 30, 660, 689]",[],0.0
"[24, 30, 690, 719]",[],0.0
"[25, 30, 720, 749]",[],0.0
"[26, 30, 750, 779]",[],0.0
"[27, 30, 780, 809]",[],0.0
"[28, 30, 810, 839]",[],0.0
"[29, 30, 840, 869]",[],0.0
"[30, 30, 870, 899]",[],0.0
"[31, 30, 900, 929]",[],0.0
"[32, 30, 930, 959]",[],0.0
"[33, 30, 960, 989]",[],0.0
"[34, 30, 990, 1019]",[],0.0
"[35, 30, 1020, 1049]",[],0.0
"[36, 30, 1050, 1079]",[],0.0
"[37, 30, 1080, 1109]",[],0.0
"[38, 30, 1110, 1139]",[],0.0
"[39, 30, 1140, 1169]",[],0.0
"[40, 30, 1170, 1199]",[],0.0
"[41, 30, 1200, 1229]",[],0.0
"[42, 30, 1230, 1259]",[],0.0
"[43, 30, 1260, 1289]",[],0.0
"[44, 30, 1290, 1319]",[],0.0
"[45, 30, 1320, 1349]",[],0.0
"[46, 30, 1350, 1379]",[],0.0
"[47, 30, 1380, 1409]",[],0.0
"[48, 30, 1410, 1439]",[],0.0
"[49, 30, 1440, 1469]",[],0.0
"[50, 30, 1470, 1499]",[],0.0
"[51, 30, 1500, 1529]","[(1501, 1.7), (1510, 2.0)]",0.925
"[52, 30, 1530, 1559]",[],0.0
"[53, 30, 1560, 1589]",[],0.0
"[54, 30, 1590, 1619]",[],0.0
"[55, 30, 1620, 1649]",[],0.0
"[56, 30, 1650, 1679]",[],0.0
"[57, 30, 1680, 1709]","[(1700, 2.3)]",0.575
"[58, 30, 1710, 1739]",[],0.0
"[59, 30, 1740, 1769]",[],0.0
"[60, 30, 1770, 1799]",[],0.0
"[61, 30, 1800, 1829]",[],0.0
"[62, 30, 1830, 1859]",[],0.0
"[63, 30, 1860, 1889]",[],0.0
"[64, 30, 1890, 1919]",[],0.0
"[65, 30, 1920, 1949]",[],0.0
"[66, 30, 1950, 1979]",[],0.0
"[67, 30, 1980, 2009]",[],0.0
"[68, 30, 2010, 2039]",[],0.0
"[69, 30, 2040, 2069]",[],0.0
"[70, 30, 2070, 2099]",[],0.0
"[71, 30, 2100, 2129]",[],0.0
"[72, 30, 2130, 2159]",[],0.0
"[73, 30, 2160, 2189]",[],0.0
"[74, 30, 2190, 2219]",[],0.0
"[75, 30, 2220, 2249]",[],0.0
"[76, 30, 2250, 2279]",[],0.0
"[77, 30, 2280, 2309]",[],0.0
"[78, 30, 2310, 2339]",[],0.0
"[79, 30, 2340, 2369]",[],0.0
"[80, 30, 2370, 2399]",[],0.0
"[81, 30, 2400, 2429]",[],0.0
"[82, 30, 2430, 2459]",[],0.0
"[83, 30, 2460, 2489]",[],0.0
"[84, 30, 2490, 2519]",[],0.0
"[85, 30, 2520, 2549]",[],0.0
"[86, 30, 2550, 2579]",[],0.0
"[87, 30, 2580, 2609]",[],0.0
"[88, 30, 2610, 2639]",[],0.0
"[89, 30, 2640, 2669]",[],0.0
"[90, 30, 2670, 2699]",[],0.0
"[91, 30, 2700, 2729]",[],0.0
"[92, 30, 2730, 2759]",[],0.0
"[93, 30, 2760, 2789]",[],0.0
"[94, 30, 2790, 2819]",[],0.0
"[95, 30, 2820, 2849]",[],0.0
"[96, 30, 2850, 2879]",[],0.0
"[97, 30, 2880, 2909]",[],0.0
"[98, 30, 2910, 2939]",[],0.0
"[99, 30, 2940, 2969]",[],0.0
"[100, 30, 2970, 2999]",[],0.0
"[101, 30, 3000, 3029]",[],0.0
"[102, 30, 3030, 3059]",[],0.0
"[103, 30, 3060, 3089]",[],0.0
"[104, 30, 3090, 3119]",[],0.0
"[105, 30, 3120, 3149]",[],0.0
"[106, 30, 3150, 3179]",[],0.0
"[107, 30, 3180, 3209]","[(3200, 1.8)]",0.45
"[108, 30, 3210, 3239]",[],0.0
"[109, 30, 3240, 3269]",[],0.0
"[110, 30, 3270, 3299]",[],0.0
"[111, 30, 3300, 3329]",[],0.0
"[112, 30, 3330, 3359]",[],0.0
"[113, 30, 3360, 3389]",[],0.0
"[114, 30, 3390, 3419]",[],0.0
"[115, 30, 3420, 3449]",[],0.0
"[116, 30, 3450, 3479]",[],0.0
"[117, 30, 3480, 3509]",[],0.0
"[118, 30, 3510, 3539]",[],0.0
"[119, 30, 3540, 3569]",[],0.0
"[120, 30, 3570, 3599]",[],0.0
"[121, 30, 3600, 3629]",[],0.0
"[122, 30, 3630, 3659]",[],0.0
"[123, 30, 3660, 3689]",[],0.0
"[124, 30, 3690, 3719]",[],0.0
"[125, 30, 3720, 3749]",[],0.0
"[126, 30, 3750, 3779]",[],0.0
"[127, 30, 3780, 3809]",[],0.0
"[128, 30, 3810, 3839]",[],0.0
"[129, 30, 3840, 3869]",[],0.0
"[130, 30, 3870, 3899]",[],0.0
"[131, 30, 3900, 3929]",[],0.0
"[132, 30, 3930, 3959]",[],0.0
"[133, 30, 3960, 3989]",[],0.0
"[134, 30, 3990, 4019]",[],0.0
"[135, 30, 4020, 4049]",[],0.0
"[136, 30, 4050, 4079]",[],0.0
"[137, 30, 4080, 4109]",[],0.0
"[138, 30, 4110, 4139]",[],0.0
"[139, 30, 4140, 4169]",[],0.0
"[140, 30, 4170, 4199]",[],0.0
"[141, 30, 4200, 4229]",[],0.0
"[142, 30, 4230, 4259]",[],0.0
"[143, 30, 4260, 4289]",[],0.0
"[144, 30, 4290, 4319]",[],0.0
"[145, 30, 4320, 4349]",[],0.0
"[146, 30, 4350, 4379]",[],0.0
"[147, 30, 4380, 4409]",[],0.0
"[148, 30, 4410, 4439]",[],0.0
"[149, 30, 4440, 4469]",[],0.0
"[150, 30, 4470, 4499]",[],0.0
"[151, 30, 4500, 4529]",[],0.0
"[152, 30, 4530, 4559]",[],0.0
"[153, 30, 4560, 4589]",[],0.0
"[154, 30, 4590, 4619]",[],0.0
"[155, 30, 4620, 4649]",[],0.0
"[156, 30, 4650, 4679]",[],0.0
"[157, 30, 4680, 4709]",[],0.0
"[158, 30, 4710, 4739]",[],0.0
"[159, 30, 4740, 4769]",[],0.0
"[160, 30, 4770, 4799]",[],0.0
"[161, 30, 4800, 4829]",[],0.0
"[162, 30, 4830, 4859]",[],0.0
"[163, 30, 4860, 4889]",[],0.0
"[164, 30, 4890, 4919]",[],0.0
"[165, 30, 4920, 4949]",[],0.0
"[166, 30, 4950, 4979]",[],0.0
"[167, 30, 4980, 5009]",[],0.0
"[168, 30, 5010, 5039]",[],0.0
"[169, 30, 5040, 5069]",[],0.0
"[170, 30, 5070, 5099]",[],0.0
"[171, 30, 5100, 5129]",[],0.0
"[172, 30, 5130, 5159]",[],0.0
"[173, 30, 5160, 5189]",[],0.0
"[174, 30, 5190, 5219]",[],0.0
"[175, 30, 5220, 5249]",[],0.0
"[176, 30, 5250, 5279]",[],0.0
"[177, 30, 5280, 5309]",[],0.0
"[178, 30, 5310, 5339]",[],0.0
"[179, 30, 5340, 5369]",[],0.0
"[180, 30, 5370, 5399]",[],0.0
"[181, 30, 5400, 5429]",[],0.0
"[182, 30, 5430, 5459]",[],0.0
"[183, 30, 5460, 5489]",[],0.0
"[184, 30, 5490, 5519]",[],0.0
"[185, 30, 5520, 5549]",[],0.0
"[186, 30, 5550, 5579]",[],0.0
"[187, 30, 5580, 5609]",[],0.0
"[188, 30, 5610, 5639]",[],0.0
"[189, 30, 5640, 5669]",[],0.0
"[190, 30, 5670, 5699]",[],0.0
"[191, 30, 5700, 5729]",[],0.0
"[192, 30, 5730, 5759]",[],0.0
"[193, 30, 5760, 5789]",[],0.0
"[194, 30, 5790, 5819]",[],0.0
"[195, 30, 5820, 5849]",[],0.0
"[196, 30, 5850, 5879]",[],0.0
"[197, 30, 5880, 5909]",[],0.0
"[198, 30, 5910, 5939]",[],0.0
"[199, 30, 5940, 5969]",[],0.0
"[200, 30, 5970, 5999]",[],0.0
"[201, 30, 6000, 6029]",[],0.0
"[202, 30, 6030, 6059]",[],0.0
"[203, 30, 6060, 6089]",[],0.0
"[204, 30, 6090, 6119]",[],0.0
"[205, 30, 6120, 6149]",[],0.0
"[206, 30, 6150, 6179]",[],0.0
"[207, 30, 6180, 6209]",[],0.0
"[208, 30, 6210, 6239]",[],0.0
"[209, 30, 6240, 6269]",[],0.0
"[210, 30, 6270, 6299]",[],0.0
"[211, 30, 6300, 6329]",[],0.0
"[212, 30, 6330, 6359]",[],0.0
"[213, 30, 6360, 6389]",[],0.0
"[214, 30, 6390, 6419]",[],0.0
"[215, 30, 6420, 6449]",[],0.0
"[216, 30, 6450, 6479]",[],0.0
"[217, 30, 6480, 6509]",[],0.0
"[218, 30, 6510, 6539]",[],0.0
"[219, 30, 6540, 6569]",[],0.0
"[220, 30, 6570, 6599]",[],0.0
"[221, 30, 6600, 6629]",[],0.0
"[222, 30, 6630, 6659]",[],0.0
"[223, 30, 6660, 6689]",[],0.0
"[224, 30, 6690, 6719]","[(6700, 3.0)]",0.75
"[225, 30, 6720, 6749]",[],0.0
"[226, 30, 6750, 6779]",[],0.0
"[227, 30, 6780, 6809]",[],0.0
"[228, 30, 6810, 6839]",[],0.0
"[229, 30, 6840, 6869]",[],0.0
"[230, 30, 6870, 6899]",[],0.0
"[231, 30, 6900, 6929]",[],0.0
"[232, 30, 6930, 6959]",[],0.0
"[233, 30, 6960, 6989]",[],0.0
"[234, 30, 6990, 7019]",[],0.0
"[235, 30, 7020, 7049]",[],0.0
"[236, 30, 7050, 7079]",[],0.0
"[237, 30, 7080, 7109]",[],0.0
"[238, 30, 7110, 7139]",[],0.0
"[239, 30, 7140, 7169]",[],0.0
"[240, 30, 7170, 7199]",[],0.0
"[241, 30, 7200, 7229]",[],0.0
"[242, 30, 7230, 7259]",[],0.0
"[243, 30, 7260, 7289]",[],0.0
"[244, 30, 7290, 7319]",[],0.0
"[245, 30, 7320, 7349]",[],0.0
"[246, 30, 7350, 7379]",[],0.0
"[247, 30, 7380, 7409]",[],0.0
"[248, 30, 7410, 7439]",[],0.0
"[249, 30, 7440, 7469]",[],0.0
"[250, 30, 7470, 7499]",[],0.0
"[251, 30, 7500, 7529]",[],0.0
"[252, 30, 7530, 7559]",[],0.0
"[253, 30, 7560, 7589]",[],0.0
"[254, 30, 7590, 7619]",[],0.0
"[255, 30, 7620, 7649]",[],0.0
"[256, 30, 7650, 7679]",[],0.0
"[257, 30, 7680, 7709]",[],0.0
"[258, 30, 7710, 7739]",[],0.0
"[259, 30, 7740, 7769]",[],0.0
"[260, 30, 7770, 7799]",[],0.0
"[261, 30, 7800, 7829]",[],0.0
"[262, 30, 7830, 7859]",[],0.0
"[263, 30, 7860, 7889]",[],0.0
"[264, 30, 7890, 7919]",[],0.0
"[265, 30, 7920, 7949]",[],0.0
"[266, 30, 7950, 7979]",[],0.0
"[267, 30, 7980, 8009]",[],0.0
"[268, 30, 8010, 8039]",[],0.0
"[269, 30, 8040, 8069]",[],0.0
"[270, 30, 8070, 8099]",[],0.0
"[271, 30, 8100, 8129]",[],0.0
"[272, 30, 8130, 8159]",[],0.0
"[273, 30, 8160, 8189]",[],0.0
"[274, 30, 8190, 8219]",[],0.0
"[275, 30, 8220, 8249]",[],0.0
"[276, 30, 8250, 8279]",[],0.0
"[277, 30, 8280, 8309]",[],0.0
"[278, 30, 8310, 8339]",[],0.0
"[279, 30, 8340, 8369]",[],0.0
"[280, 30, 8370, 8399]",[],0.0
"[281, 30, 8400, 8429]",[],0.0
"[282, 30, 8430, 8459]",[],0.0
"[283, 30, 8460, 8489]",[],0.0
"[284, 30, 8490, 8519]",[],0.0
"[285, 30, 8520, 8549]",[],0.0
"[286, 30, 8550, 8579]",[],0.0
"[287, 30, 8580, 8609]",[],0.0
"[288, 30, 8610, 8639]",[],0.0
"[289, 30, 8640, 8669]",[],0.0
"[290, 30, 8670, 8699]",[],0.0
"[291, 30, 8700, 8729]",[],0.0
"[292, 30, 8730, 8759]",[],0.0
"[293, 30, 8760, 8789]",[],0.0
"[294, 30, 8790, 8819]",[],0.0
"[295, 30, 8820, 8849]",[],0.0
"[296, 30, 8850, 8879]",[],0.0
"[297, 30, 8880, 8909]",[],0.0
"[298, 30, 8910, 8939]",[],0.0
"[299, 30, 8940, 8969]",[],0.0
"[300, 30, 8970, 8999]",[],0.0
"[301, 30, 9000, 9029]",[],0.0
"[302, 30, 9030, 9059]",[],0.0
"[303, 30, 9060, 9089]",[],0.0
"[304, 30, 9090, 9119]",[],0.0
"[305, 30, 9120, 9149]",[],0.0
"[306, 30, 9150, 9179]",[],0.0
"[307, 30, 9180, 9209]","[(9200, 2.2)]",0.55
"[308, 30, 9210, 9239]",[],0.0
"[309, 30, 9240, 9269]",[],0.0
"[310, 30, 9270, 9299]",[],0.0
"[311, 30, 9300, 9329]",[],0.0
"[312, 30, 9330, 9359]",[],0.0
"[313, 30, 9360, 9389]",[],0.0
"[314, 30, 9390, 9419]",[],0.0
"[315, 30, 9420, 9449]",[],0.0
"[316, 30, 9450, 9479]",[],0.0
"[317, 30, 9480, 9509]",[],0.0
"[318, 30, 9510, 9539]",[],0.0
"[319, 30, 9540, 9569]",[],0.0
"[320, 30, 9570, 9599]",[],0.0
"[321, 30, 9600, 9629]",[],0.0
"[322, 30, 9630, 9659]",[],0.0
"[323, 30, 9660, 9689]",[],0.0
"[324, 30, 9690, 9719]",[],0.0
"[325, 30, 9720, 9749]",[],0.0
"[326, 30, 9750, 9779]",[],0.0
"[327, 30, 9780, 9809]",[],0.0
"[328, 30, 9810, 9839]",[],0.0
"[329, 30, 9840, 9869]",[],0.0
"[330, 30, 9870, 9899]",[],0.0
"[331, 30, 9900, 9929]",[],0.0
"[332, 30, 9930, 9959]",[],0.0
"[333, 30, 9960, 9989]",[],0.0
"[334, 30, 9990, 10019]",[],0.0
"[335, 30, 10020, 10049]",[],0.0
"[336, 30, 10050, 10079]",[],0.0
"[337, 30, 10080, 10109]",[],0.0
"[338, 30, 10110, 10139]",[],0.0
"[339, 30, 10140, 10169]",[],0.0
"[340, 30, 10170, 10199]",[],0.0
"[341, 30, 10200, 10229]",[],0.0
"[342, 30, 10230, 10259]",[],0.0
"[343, 30, 10260, 10289]",[],0.0
"[344, 30, 10290, 10319]",[],0.0
"[345, 30, 10320, 10349]",[],0.0
"[346, 30, 10350, 10379]",[],0.0
"[347, 30, 10380, 10409]",[],0.0
"[348, 30, 10410, 10439]",[],0.0
"[349, 30, 10440, 10469]",[],0.0
"[350, 30, 10470, 10499]",[],0.0
"[351, 30, 10500, 10529]",[],0.0
"[352, 30, 10530, 10559]",[],0.0
"[353, 30, 10560, 10589]",[],0.0
"[354, 30, 10590, 10619]",[],0.0
"[355, 30, 10620, 10649]",[],0.0
"[356, 30, 10650, 10679]",[],0.0
"[357, 30, 10680, 10709]",[],0.0
"[358, 30, 10710, 10739]",[],0.0
"[359, 30, 10740, 10769]",[],0.0
"[360, 30, 10770, 10799]",[],0.0
"[361, 30, 10800, 10829]",[],0.0
"[362, 30, 10830, 10859]",[],0.0
"[363, 30, 10860, 10889]",[],0.0
"[364, 30, 10890, 10919]",[],0.0
"[365, 30, 10920, 10949]",[],0.0
"[366, 30, 10950, 10979]",[],0.0
"[367, 30, 10980, 11009]",[],0.0
"[368, 30, 11010, 11039]",[],0.0
"[369, 30, 11040, 11069]",[],0.0
"[370, 30, 11070, 11099]",[],0.0
"[371, 30, 11100, 11129]",[],0.0
"[372, 30, 11130, 11159]",[],0.0
"[373, 30, 11160, 11189]",[],0.0
"[374, 30, 11190, 11219]",[],0.0
"[375, 30, 11220, 11249]",[],0.0
"[376, 30, 11250, 11279]",[],0.0
"[377, 30, 11280, 11309]",[],0.0
"[378, 30, 11310, 11339]",[],0.0
"[379, 30, 11340, 11369]",[],0.0
"[380, 30, 11370, 11399]",[],0.0
"[381, 30, 11400, 11429]",[],0.0
"[382, 30, 11430, 11459]",[],0.0
"[383, 30, 11460, 11489]",[],0.0
"[384, 30, 11490, 11519]",[],0.0
"[385, 30, 11520, 11549]",[],0.0
"[386, 30, 11550, 11579]",[],0.0
"[387, 30, 11580, 11609]",[],0.0
"[388, 30, 11610, 11639]",[],0.0
"[389, 30, 11640, 11669]",[],0.0
"[390, 30, 11670, 11699]",[],0.0
"[391, 30, 11700, 11729]",[],0.0
"[392, 30, 11730, 11759]",[],0.0
"[393, 30, 11760, 11789]",[],0.0
"[394, 30, 11790, 11819]",[],0.0
"[395, 30, 11820, 11849]",[],0.0
"[396, 30, 11850, 11879]",[],0.0
"[397, 30, 11880, 11909]",[],0.0
"[398, 30, 11910, 11939]",[],0.0
"[399, 30, 11940, 11969]",[],0.0
"[400, 30, 11970, 11999]",[],0.0
"[401, 30, 12000, 12029]",[],0.0
"[402, 30, 12030, 12059]",[],0.0
"[403, 30, 12060, 12089]",[],0.0
"[404, 30, 12090, 12119]",[],0.0
"[405, 30, 12120, 12149]",[],0.0
"[406, 30, 12150, 12179]",[],0.0
"[407, 30, 12180, 12209]",[],0.0
"[408, 30, 12210, 12239]",[],0.0
"[409, 30, 12240, 12269]",[],0.0
"[410, 30, 12270, 12299]",[],0.0
"[411, 30, 12300, 12329]",[],0.0
"[412, 30, 12330, 12359]",[],0.0
"[413, 30, 12360, 12389]",[],0.0
"[414, 30, 12390, 12419]",[],0.0
"[415, 30, 12420, 12449]",[],0.0
"[416, 30, 12450, 12479]",[],0.0
"[417, 30, 12480, 12509]",[],0.0
"[418, 30, 12510, 12539]",[],0.0
"[419, 30, 12540, 12569]",[],0.0
"[420, 30, 12570, 12599]",[],0.0
"[421, 30, 12600, 12629]",[],0.0
"[422, 30, 12630, 12659]",[],0.0
"[423, 30, 12660, 12689]",[],0.0
"[424, 30, 12690, 12719]",[],0.0
"[425, 30, 12720, 12749]",[],0.0
"[426, 30, 12750, 12779]",[],0.0
"[427, 30, 12780, 12809]",[],0.0
"[428, 30, 12810, 12839]",[],0.0
"[429, 30, 12840, 12869]",[],0.0
"[430, 30, 12870, 12899]",[],0.0
"[431, 30, 12900, 12929]",[],0.0
"[432, 30, 12930, 12959]",[],0.0
"[433, 30, 12960, 12989]",[],0.0
"[434, 30, 12990, 13019]",[],0.0
"[435, 30, 13020, 13049]",[],0.0
"[436, 30, 13050, 13079]",[],0.0
"[437, 30, 13080, 13109]",[],0.0
"[438, 30, 13110, 13139]",[],0.0
"[439, 30, 13140, 13169]",[],0.0
"[440, 30, 13170, 13199]",[],0.0
"[441, 30, 13200, 13229]",[],0.0
"[442, 30, 13230, 13259]",[],0.0
"[443, 30, 13260, 13289]",[],0.0
"[444, 30, 13290, 13319]",[],0.0
"[445, 30, 13320, 13349]",[],0.0
"[446, 30, 13350, 13379]",[],0.0
"[447, 30, 13380, 13409]",[],0.0
"[448, 30, 13410, 13439]",[],0.0
"[449, 30, 13440, 13469]",[],0.0
"[450, 30, 13470, 13499]",[],0.0
"[451, 30, 13500, 13529]",[],0.0
"[452, 30, 13530, 13559]",[],0.0
"[453, 30, 13560, 13589]",[],0.0
"[454, 30, 13590, 13619]",[],0.0
"[455, 30, 13620, 13649]",[],0.0
"[456, 30, 13650, 13679]",[],0.0
"[457, 30, 13680, 13709]",[],0.0
"[458, 30, 13710, 13739]",[],0.0
"[459, 30, 13740, 13769]",[],0.0
"[460, 30, 13770, 13799]",[],0.0
"[461, 30, 13800, 13829]",[],0.0
"[462, 30, 13830, 13859]",[],0.0
"[463, 30, 13860, 13889]",[],0.0
"[464, 30, 13890, 13919]",[],0.0
"[465, 30, 13920, 13949]",[],0.0
"[466, 30, 13950, 13979]",[],0.0
"[467, 30, 13980, 14009]",[],0.0
"[468, 30, 14010, 14039]",[],0.0
"[469, 30, 14040, 14069]",[],0.0
"[470, 30, 14070, 14099]",[],0.0
"[471, 30, 14100, 14129]",[],0.0
"[472, 30, 14130, 14159]",[],0.0
"[473, 30, 14160, 14189]",[],0.0
"[474, 30, 14190, 14219]",[],0.0
"[475, 30, 14220, 14249]",[],0.0
"[476, 30, 14250, 14279]",[],0.0
"[477, 30, 14280, 14309]",[],0.0
"[478, 30, 14310, 14339]",[],0.0
"[479, 30, 14340, 14369]",[],0.0
"[480, 30, 14370, 14399]",[],0.0
"[481, 30, 14400, 14429]",[],0.0
"[482, 30, 14430, 14459]",[],0.0
"[483, 30, 14460, 14489]",[],0.0
"[484, 30, 14490, 14519]",[],0.0
"[485, 30, 14520, 14549]",[],0.0
"[486, 30, 14550, 14579]",[],0.0
"[487, 30, 14580, 14609]",[],0.0
"[488, 30, 14610, 14639]",[],0.0
"[489, 30, 14640, 14669]",[],0.0
"[490, 30, 14670, 14699]",[],0.0
"[491, 30, 14700, 14729]",[],0.0
"[492, 30, 14730, 14759]",[],0.0
"[493, 30, 14760, 14789]",[],0.0
"[494, 30, 14790, 14819]",[],0.0
"[495, 30, 14820, 14849]",[],0.0
"[496, 30, 14850, 14879]",[],0.0
"[497, 30, 14880, 14909]",[],0.0
"[498, 30, 14910, 14939]",[],0.0
"[499, 30, 14940, 14969]",[],0.0
"[500, 30, 14970, 14999]",[],0.0
"[501, 30, 15000, 15029]","[(15001, 1.5)]",0.375
"[502, 30, 15030, 15059]",[],0.0
"[503, 30, 15060, 15089]",[],0.0
"[504, 30, 15090, 15119]",[],0.0
"[505, 30, 15120, 15149]",[],0.0
"[506, 30, 15150, 15179]",[],0.0
"[507, 30, 15180, 15209]",[],0.0
"[508, 30, 15210, 15239]",[],0.0
"[509, 30, 15240, 15269]",[],0.0
"[510, 30, 15270, 15299]",[],0.0
"[511, 30, 15300, 15329]",[],0.0
"[512, 30, 15330, 15359]",[],0.0
"[513, 30, 15360, 15389]",[],0.0
"[514, 30, 15390, 15419]",[],0.0
"[515, 30, 15420, 15449]",[],0.0
"[516, 30, 15450, 15479]",[],0.0
"[517, 30, 15480, 15509]",[],0.0
"[518, 30, 15510, 15539]",[],0.0
"[519, 30, 15540, 15569]",[],0.0
"[520, 30, 15570, 15599]",[],0.0
"[521, 30, 15600, 15629]",[],0.0
"[522, 30, 15630, 15659]",[],0.0
"[523, 30, 15660, 15689]",[],0.0
"[524, 30, 15690, 15719]",[],0.0
"[525, 30, 15720, 15749]",[],0.0
"[526, 30, 15750, 15779]",[],0.0
"[527, 30, 15780, 15809]",[],0.0
"[528, 30, 15810, 15839]",[],0.0
"[529, 30, 15840, 15869]",[],0.0
"[530, 30, 15870, 15899]",[],0.0
"[531, 30, 15900, 15929]",[],0.0
"[532, 30, 15930, 15959]",[],0.0
"[533, 30, 15960, 15989]",[],0.0
"[534, 30, 15990, 16019]",[],0.0
"[535, 30, 16020, 16049]",[],0.0
"[536, 30, 16050, 16079]",[],0.0
"[537, 30, 16080, 16109]",[],0.0
"[538, 30, 16110, 16139]",[],0.0
"[539, 30, 16140, 16169]",[],0.0
"[540, 30, 16170, 16199]",[],0.0
"[541, 30, 16200, 16229]",[],0.0
"[542, 30, 16230, 16259]",[],0.0
"[543, 30, 16260, 16289]",[],0.0
"[544, 30, 16290, 16319]",[],0.0
"[545, 30, 16320, 16349]",[],0.0
"[546, 30, 16350, 16379]",[],0.0
"[547, 30, 16380, 16409]",[],0.0
"[548, 30, 16410, 16439]",[],0.0
"[549, 30, 16440, 16469]",[],0.0
"[550, 30, 16470, 16499]",[],0.0
"[551, 30, 16500, 16529]",[],0.0
"[552, 30, 16530, 16559]",[],0.0
"[553, 30, 16560, 16589]",[],0.0
"[554, 30, 16590, 16619]",[],0.0
"[555, 30, 16620, 16649]",[],0.0
"[556, 30, 16650, 16679]",[],0.0
"[557, 30, 16680, 16709]",[],0.0
"[558, 30, 16710, 16739]",[],0.0
"[559, 30, 16740, 16769]",[],0.0
"[560, 30, 16770, 16799]",[],0.0
"[561, 30, 16800, 16829]",[],0.0
"[562, 30, 16830, 16859]",[],0.0
"[563, 30, 16860, 16889]",[],0.0
"[564, 30, 16890, 16919]",[],0.0
"[565, 30, 16920, 16949]",[],0.0
"[566, 30, 16950, 16979]",[],0.0
"[567, 30, 16980, 17009]",[],0.0
"[568, 30, 17010, 17039]",[],0.0
"[569, 30, 17040, 17069]",[],0.0
"[570, 30, 17070, 17099]",[],0.0
"[571, 30, 17100, 17129]",[],0.0
"[572, 30, 17130, 17159]",[],0.0
"[573, 30, 17160, 17189]",[],0.0
"[574, 30, 17190, 17219]",[],0.0
"[575, 30, 17220, 17249]",[],0.0
"[576, 30, 17250, 17279]",[],0.0
"[577, 30, 17280, 17309]",[],0.0
"[578, 30, 17310, 17339]",[],0.0
"[579, 30, 17340, 17369]",[],0.0
"[580, 30, 17370, 17399]",[],0.0
"[581, 30, 17400, 17429]",[],0.0
"[582, 30, 17430, 17459]",[],0.0
"[583, 30, 17460, 17489]",[],0.0
"[584, 30, 17490, 17519]",[],0.0
"[585, 30, 17520, 17549]",[],0.0
"[586, 30, 17550, 17579]",[],0.0
"[587, 30, 17580, 17609]",[],0.0
"[588, 30, 17610, 17639]",[],0.0
"[589, 30, 17640, 17669]",[],0.0
"[590, 30, 17670, 17699]",[],0.0
"[591, 30, 17700, 17729]",[],0.0
"[592, 30, 17730, 17759]",[],0.0
"[593, 30, 17760, 17789]",[],0.0
"[594, 30, 17790, 17819]",[],0.0
"[595, 30, 17820, 17849]",[],0.0
"[596, 30, 17850, 17879]",[],0.0
"[597, 30, 17880, 17909]",[],0.0
"[598, 30, 17910, 17939]",[],0.0
"[599, 30, 17940, 17969]",[],0.0
"[600, 30, 17970, 17999]",[],0.0
"[601, 30, 18000, 18029]",[],0.0
"[602, 30, 18030, 18059]",[],0.0
"[603, 30, 18060, 18089]",[],0.0
"[604, 30, 18090, 18119]",[],0.0
"[605, 30, 18120, 18149]",[],0.0
"[606, 30, 18150, 18179]",[],0.0
"[607, 30, 18180, 18209]",[],0.0
"[608, 30, 18210, 18239]",[],0.0
"[609, 30, 18240, 18269]",[],0.0
"[610, 30, 18270, 18299]",[],0.0
"[611, 30, 18300, 18329]",[],0.0
"[612, 30, 18330, 18359]",[],0.0
"[613, 30, 18360, 18389]",[],0.0
"[614, 30, 18390, 18419]",[],0.0
"[615, 30, 18420, 18449]",[],0.0
"[616, 30, 18450, 18479]",[],0.0
"[617, 30, 18480, 18509]",[],0.0
"[618, 30, 18510, 18539]",[],0.0
"[619, 30, 18540, 18569]",[],0.0
"[620, 30, 18570, 18599]",[],0.0
"[621, 30, 18600, 18629]",[],0.0
"[622, 30, 18630, 18659]",[],0.0
"[623, 30, 18660, 18689]",[],0.0
"[624, 30, 18690, 18719]",[],0.0
"[625, 30, 18720, 18749]",[],0.0
"[626, 30, 18750, 18779]",[],0.0
"[627, 30, 18780, 18809]",[],0.0
"[628, 30, 18810, 18839]",[],0.0
"[629, 30, 18840, 18869]",[],0.0
"[630, 30, 18870, 18899]",[],0.0
"[631, 30, 18900, 18929]",[],0.0
"[632, 30, 18930, 18959]",[],0.0
"[633, 30, 18960, 18989]",[],0.0
"[634, 30, 18990, 19019]",[],0.0
"[635, 30, 19020, 19049]",[],0.0
"[636, 30, 19050, 19079]",[],0.0
"[637, 30, 19080, 19109]",[],0.0
"[638, 30, 19110, 19139]",[],0.0
"[639, 30, 19140, 19169]",[],0.0
"[640, 30, 19170, 19199]",[],0.0
"[641, 30, 19200, 19229]",[],0.0
"[642, 30, 19230, 19259]",[],0.0
"[643, 30, 19260, 19289]",[],0.0
"[644, 30, 19290, 19319]",[],0.0
"[645, 30, 19320, 19349]",[],0.0
"[646, 30, 19350, 19379]",[],0.0
"[647, 30, 19380, 19409]",[],0.0
"[648, 30, 19410, 19439]",[],0.0
"[649, 30, 19440, 19469]",[],0.0
"[650, 30, 19470, 19499]",[],0.0
"[651, 30, 19500, 19529]",[],0.0
"[652, 30, 19530, 19559]",[],0.0
"[653, 30, 19560, 19589]",[],0.0
"[654, 30, 19590, 19619]",[],0.0
"[655, 30, 19620, 19649]",[],0.0
"[656, 30, 19650, 19679]",[],0.0
"[657, 30, 19680, 19709]",[],0.0
"[658, 30, 19710, 19739]",[],0.0
"[659, 30, 19740, 19769]",[],0.0
"[660, 30, 19770, 19799]",[],0.0
"[661, 30, 19800, 19829]",[],0.0
"[662, 30, 19830, 19859]",[],0.0
"[663, 30, 19860, 19889]",[],0.0
"[664, 30, 19890, 19919]",[],0.0
"[665, 30, 19920, 19949]",[],0.0
"[666, 30, 19950, 19979]",[],0.0
"[667, 30, 19980, 20009]",[],0.0
"[668, 30, 20010, 20039]",[],0.0
"[669, 30, 20040, 20069]",[],0.0
"[670, 30, 20070, 20099]",[],0.0
"[671, 30, 20100, 20129]",[],0.0
"[672, 30, 20130, 20159]",[],0.0
"[673, 30, 20160, 20189]",[],0.0
"[674, 30, 20190, 20219]",[],0.0
"[675, 30, 20220, 20249]",[],0.0
"[676, 30, 20250, 20279]",[],0.0
"[677, 30, 20280, 20309]",[],0.0
"[678, 30, 20310, 20339]",[],0.0
"[679, 30, 20340, 20369]",[],0.0
"[680, 30, 20370, 20399]",[],0.0
"[681, 30, 20400, 20429]",[],0.0
"[682, 30, 20430, 20459]",[],0.0
"[683, 30, 20460, 20489]",[],0.0
"[684, 30, 20490, 20519]",[],0.0
"[685, 30, 20520, 20549]",[],0.0
"[686, 30, 20550, 20579]",[],0.0
"[687, 30, 20580, 20609]",[],0.0
"[688, 30, 20610, 20639]",[],0.0
"[689, 30, 20640, 20669]",[],0.0
"[690, 30, 20670, 20699]",[],0.0
"[691, 30, 20700, 20729]",[],0.0
"[692, 30, 20730, 20759]",[],0.0
"[693, 30, 20760, 20789]",[],0.0
"[694, 30, 20790, 20819]",[],0.0
"[695, 30, 20820, 20849]",[],0.0
"[696, 30, 20850, 20879]",[],0.0
"[697, 30, 20880, 20909]",[],0.0
"[698, 30, 20910, 20939]",[],0.0
"[699, 30, 20940, 20969]",[],0.0
"[700, 30, 20970, 20999]",[],0.0
"[701, 30, 21000, 21029]",[],0.0
"[702, 30, 21030, 21059]",[],0.0
"[703, 30, 21060, 21089]",[],0.0
"[704, 30, 21090, 21119]",[],0.0
"[705, 30, 21120, 21149]",[],0.0
"[706, 30, 21150, 21179]",[],0.0
"[707, 30, 21180, 21209]",[],0.0
"[708, 30, 21210, 21239]",[],0.0
"[709, 30, 21240, 21269]",[],0.0
"[710, 30, 21270, 21299]",[],0.0
"[711, 30, 21300, 21329]",[],0.0
"[712, 30, 21330, 21359]",[],0.0
"[713, 30, 21360, 21389]",[],0.0
"[714, 30, 21390, 21419]",[],0.0
"[715, 30, 21420, 21449]",[],0.0
"[716, 30, 21450, 21479]",[],0.0
"[717, 30, 21480, 21509]",[],0.0
"[718, 30, 21510, 21539]",[],0.0
"[719, 30, 21540, 21569]",[],0.0
"[720, 30, 21570, 21599]",[],0.0
"[721, 30, 21600, 21629]",[],0.0
"[722, 30, 21630, 21659]",[],0.0
"[723, 30, 21660, 21689]",[],0.0
"[724, 30, 21690, 21719]",[],0.0
"[725, 30, 21720, 21749]",[],0.0
"[726, 30, 21750, 21779]",[],0.0
"[727, 30, 21780, 21809]",[],0.0
"[728, 30, 21810, 21839]",[],0.0
"[729, 30, 21840, 21869]",[],0.0
"[730, 30, 21870, 21899]",[],0.0
"[731, 30, 21900, 21929]",[],0.0
"[732, 30, 21930, 21959]",[],0.0
"[733, 30, 21960, 21989]",[],0.0
"[734, 30, 21990, 22019]",[],0.0
"[735, 30, 22020, 22049]",[],0.0
"[736, 30, 22050, 22079]",[],0.0
"[737, 30, 22080, 22109]",[],0.0
"[738, 30, 22110, 22139]",[],0.0
"[739, 30, 22140, 22169]",[],0.0
"[740, 30, 22170, 22199]",[],0.0
"[741, 30, 22200, 22229]",[],0.0
"[742, 30, 22230, 22259]",[],0.0
"[743, 30, 22260, 22289]",[],0.0
"[744, 30, 22290, 22319]",[],0.0
"[745, 30, 22320, 22349]",[],0.0
"[746, 30, 22350, 22379]",[],0.0
"[747, 30, 22380, 22409]",[],0.0
"[748, 30, 22410, 22439]",[],0.0
"[749, 30, 22440, 22469]",[],0.0
"[750, 30, 22470, 22499]",[],0.0
"[751, 30, 22500, 22529]",[],0.0
"[752, 30, 22530, 22559]",[],0.0
"[753, 30, 22560, 22589]",[],0.0
"[754, 30, 22590, 22619]",[],0.0
"[755, 30, 22620, 22649]",[],0.0
"[756, 30, 22650, 22679]",[],0.0
"[757, 30, 22680, 22709]",[],0.0
"[758, 30, 22710, 22739]",[],0.0
"[759, 30, 22740, 22769]",[],0.0
"[760, 30, 22770, 22799]",[],0.0
"[761, 30, 22800, 22829]",[],0.0
"[762, 30, 22830, 22859]",[],0.0
"[763, 30, 22860, 22889]",[],0.0
"[764, 30, 22890, 22919]",[],0.0
"[765, 30, 22920, 22949]",[],0.0
"[766, 30, 22950, 22979]",[],0.0
"[767, 30, 22980, 23009]",[],0.0
"[768, 30, 23010, 23039]",[],0.0
"[769, 30, 23040, 23069]",[],0.0
"[770, 30, 23070, 23099]",[],0.0
"[771, 30, 23100, 23129]",[],0.0
"[772, 30, 23130, 23159]",[],0.0
"[773, 30, 23160, 23189]",[],0.0
"[774, 30, 23190, 23219]",[],0.0
"[775, 30, 23220, 23249]",[],0.0
"[776, 30, 23250, 23279]",[],0.0
"[777, 30, 23280, 23309]",[],0.0
"[778, 30, 23310, 23339]",[],0.0
"[779, 30, 23340, 23369]",[],0.0
"[780, 30, 23370, 23399]",[],0.0
"[781, 30, 23400, 23429]",[],0.0
"[782, 30, 23430, 23459]",[],0.0
"[783, 30, 23460, 23489]",[],0.0
"[784, 30, 23490, 23519]",[],0.0
"[785, 30, 23520, 23549]",[],0.0
"[786, 30, 23550, 23579]",[],0.0
"[787, 30, 23580, 23609]",[],0.0
"[788, 30, 23610, 23639]",[],0.0
"[789, 30, 23640, 23669]",[],0.0
"[790, 30, 23670, 23699]",[],0.0
"[791, 30, 23700, 23729]",[],0.0
"[792, 30, 23730, 23759]",[],0.0
"[793, 30, 23760, 23789]",[],0.0
"[794, 30, 23790, 23819]",[],0.0
"[795, 30, 23820, 23849]",[],0.0
"[796, 30, 23850, 23879]",[],0.0
"[797, 30, 23880, 23909]",[],0.0
"[798, 30, 23910, 23939]",[],0.0
"[799, 30, 23940, 23969]",[],0.0
"[800, 30, 23970, 23999]",[],0.0
"[801, 30, 24000, 24029]",[],0.0
"[802, 30, 24030, 24059]",[],0.0
"[803, 30, 24060, 24089]",[],0.0
"[804, 30, 24090, 24119]",[],0.0
"[805, 30, 24120, 24149]",[],0.0
"[806, 30, 24150, 24179]",[],0.0
"[807, 30, 24180, 24209]",[],0.0
"[808, 30, 24210, 24239]",[],0.0
"[809, 30, 24240, 24269]",[],0.0
"[810, 30, 24270, 24299]",[],0.0
"[811, 30, 24300, 24329]",[],0.0
"[812, 30, 24330, 24359]",[],0.0
"[813, 30, 24360, 24389]",[],0.0
"[814, 30, 24390, 24419]",[],0.0
"[815, 30, 24420, 24449]",[],0.0
"[816, 30, 24450, 24479]",[],0.0
"[817, 30, 24480, 24509]",[],0.0
"[818, 30, 24510, 24539]",[],0.0
"[819, 30, 24540, 24569]",[],0.0
"[820, 30, 24570, 24599]",[],0.0
"[821, 30, 24600, 24629]",[],0.0
"[822, 30, 24630, 24659]",[],0.0
"[823, 30, 24660, 24689]",[],0.0
"[824, 30, 24690, 24719]",[],0.0
"[825, 30, 24720, 24749]",[],0.0
"[826, 30, 24750, 24779]",[],0.0
"[827, 30, 24780, 24809]",[],0.0
"[828, 30, 24810, 24839]",[],0.0
"[829, 30, 24840, 24869]",[],0.0
"[830, 30, 24870, 24899]",[],0.0
"[831, 30, 24900, 24929]",[],0.0
"[832, 30, 24930, 24959]",[],0.0
"[833, 30, 24960, 24989]",[],0.0
"[834, 30, 24990, 25019]",[],0.0
"[835, 30, 25020, 25049]",[],0.0
"[836, 30, 25050, 25079]",[],0.0
"[837, 30, 25080, 25109]",[],0.0
"[838, 30, 25110, 25139]",[],0.0
"[839, 30, 25140, 25169]",[],0.0
"[840, 30, 25170, 25199]",[],0.0
"[841, 30, 25200, 25229]",[],0.0
"[842, 30, 25230, 25259]",[],0.0
"[843, 30, 25260, 25289]",[],0.0
"[844, 30, 25290, 25319]",[],0.0
"[845, 30, 25320, 25349]",[],0.0
"[846, 30, 25350, 25379]",[],0.0
"[847, 30, 25380, 25409]",[],0.0
"[848, 30, 25410, 25439]",[],0.0
"[849, 30, 25440, 25469]",[],0.0
"[850, 30, 25470, 25499]",[],0.0
"[851, 30, 25500, 25529]",[],0.0
"[852, 30, 25530, 25559]",[],0.0
"[853, 30, 25560, 25589]",[],0.0
"[854, 30, 25590, 25619]",[],0.0
"[855, 30, 25620, 25649]",[],0.0
"[856, 30, 25650, 25679]",[],0.0
"[857, 30, 25680, 25709]",[],0.0
"[858, 30, 25710, 25739]",[],0.0
"[859, 30, 25740, 25769]",[],0.0
"[860, 30, 25770, 25799]",[],0.0
"[861, 30, 25800, 25829]",[],0.0
"[862, 30, 25830, 25859]",[],0.0
"[863, 30, 25860, 25889]",[],0.0
"[864, 30, 25890, 25919]",[],0.0
"[865, 30, 25920, 25949]",[],0.0
"[866, 30, 25950, 25979]",[],0.0
"[867, 30, 25980, 26009]",[],0.0
"[868, 30, 26010, 26039]",[],0.0
"[869, 30, 26040, 26069]",[],0.0
"[870, 30, 26070, 26099]",[],0.0
"[871, 30, 26100, 26129]",[],0.0
"[872, 30, 26130, 26159]",[],0.0
"[873, 30, 26160, 26189]",[],0.0
"[874, 30, 26190, 26219]",[],0.0
"[875, 30, 26220, 26249]",[],0.0
"[876, 30, 26250, 26279]",[],0.0
"[877, 30, 26280, 26309]",[],0.0
"[878, 30, 26310, 26339]",[],0.0
"[879, 30, 26340, 26369]",[],0.0
"[880, 30, 26370, 26399]",[],0.0
"[881, 30, 26400, 26429]",[],0.0
"[882, 30, 26430, 26459]",[],0.0
"[883, 30, 26460, 26489]",[],0.0
"[884, 30, 26490, 26519]",[],0.0
"[885, 30, 26520, 26549]",[],0.0
"[886, 30, 26550, 26579]",[],0.0
"[887, 30, 26580, 26609]",[],0.0
"[888, 30, 26610, 26639]",[],0.0
"[889, 30, 26640, 26669]",[],0.0
"[890, 30, 26670, 26699]",[],0.0
"[891, 30, 26700, 26729]",[],0.0
"[892, 30, 26730, 26759]",[],0.0
"[893, 30, 26760, 26789]",[],0.0
"[894, 30, 26790, 26819]",[],0.0
"[895, 30, 26820, 26849]",[],0.0
"[896, 30, 26850, 26879]",[],0.0
"[897, 30, 26880, 26909]",[],0.0
"[898, 30, 26910, 26939]",[],0.0
"[899, 30, 26940, 26969]",[],0.0
"[900, 30, 26970, 26999]",[],0.0
"[901, 30, 27000, 27029]",[],0.0
"[902, 30, 27030, 27059]",[],0.0
"[903, 30, 27060, 27089]",[],0.0
"[904, 30, 27090, 27119]",[],0.0
"[905, 30, 27120, 27149]",[],0.0
"[906, 30, 27150, 27179]",[],0.0
"[907, 30, 27180, 27209]",[],0.0
"[908, 30, 27210, 27239]",[],0.0
"[909, 30, 27240, 27269]",[],0.0
"[910, 30, 27270, 27299]",[],0.0
"[911, 30, 27300, 27329]",[],0.0
"[912, 30, 27330, 27359]",[],0.0
"[913, 30, 27360, 27389]",[],0.0
"[914, 30, 27390, 27419]",[],0.0
"[915, 30, 27420, 27449]",[],0.0
"[916, 30, 27450, 27479]",[],0.0
"[917, 30, 27480, 27509]",[],0.0
"[918, 30, 27510, 27539]",[],0.0
"[919, 30, 27540, 27569]",[],0.0
"[920, 30, 27570, 27599]",[],0.0
"[921, 30, 27600, 27629]",[],0.0
"[922, 30, 27630, 27659]",[],0.0
"[923, 30, 27660, 27689]",[],0.0
"[924, 30, 27690, 27719]",[],0.0
"[925, 30, 27720, 27749]",[],0.0
"[926, 30, 27750, 27779]",[],0.0
"[927, 30, 27780, 27809]",[],0.0
"[928, 30, 27810, 27839]",[],0.0
"[929, 30, 27840, 27869]",[],0.0
"[930, 30, 27870, 27899]",[],0.0
"[931, 30, 27900, 27929]",[],0.0
"[932, 30, 27930, 27959]",[],0.0
"[933, 30, 27960, 27989]",[],0.0
"[934, 30, 27990, 28019]","[(28000, 2.8), (28010, 3.1)]",1.475
"[935, 30, 28020, 28049]","[(28020, 2.6)]",0.65
"[936, 30, 28050, 28079]",[],0.0
"[937, 30, 28080, 28109]",[],0.0
"[938, 30, 28110, 28139]",[],0.0
"[939, 30, 28140, 28169]",[],0.0
"[940, 30, 28170, 28199]",[],0.0
"[941, 30, 28200, 28229]",[],0.0
"[942, 30, 28230, 28259]",[],0.0
"[943, 30, 28260, 28289]",[],0.0
"[944, 30, 28290, 28319]",[],0.0
"[945, 30, 28320, 28349]",[],0.0
"[946, 30, 28350, 28379]",[],0.0
"[947, 30, 28380, 28409]",[],0.0
"[948, 30, 28410, 28439]",[],0.0
"[949, 30, 28440, 28469]",[],0.0
"[950, 30, 28470, 28499]",[],0.0
"[951, 30, 28500, 28529]",[],0.0
"[952, 30, 28530, 28559]",[],0.0
"[953, 30, 28560, 28589]",[],0.0
"[954, 30, 28590, 28619]",[],0.0
"[955, 30, 28620, 28649]",[],0.0
"[956, 30, 28650, 28679]",[],0.0
"[957, 30, 28680, 28709]",[],0.0
"[958, 30, 28710, 28739]",[],0.0
"[959, 30, 28740, 28769]",[],0.0
"[960, 30, 28770, 28799]",[],0.0
"[961, 30, 28800, 28829]",[],0.0
"[962, 30, 28830, 28859]",[],0.0
"[963, 30, 28860, 28889]",[],0.0
"[964, 30, 28890, 28919]",[],0.0
"[965, 30, 28920, 28949]",[],0.0
"[966, 30, 28950, 28979]",[],0.0
"[967, 30, 28980, 29009]",[],0.0
"[968, 30, 29010, 29039]",[],0.0
"[969, 30, 29040, 29069]",[],0.0
"[970, 30, 29070, 29099]",[],0.0
"[971, 30, 29100, 29129]",[],0.0
"[972, 30, 29130, 29159]",[],0.0
"[973, 30, 29160, 29189]",[],0.0
"[974, 30, 29190, 29219]",[],0.0
"[975, 30, 29220, 29249]",[],0.0
"[976, 30, 29250, 29279]",[],0.0
"[977, 30, 29280, 29309]",[],0.0
"[978, 30, 29310, 29339]",[],0.0
"[979, 30, 29340, 29369]",[],0.0
"[980, 30, 29370, 29399]",[],0.0
"[981, 30, 29400, 29429]",[],0.0
"[982, 30, 29430, 29459]",[],0.0
"[983, 30, 29460, 29489]",[],0.0
"[984, 30, 29490, 29519]",[],0.0
"[985, 30, 29520, 29549]",[],0.0
"[986, 30, 29550, 29579]",[],0.0
"[987, 30, 29580, 29609]",[],0.0
"[988, 30, 29610, 29639]",[],0.0
"[989, 30, 29640, 29669]",[],0.0
"[990, 30, 29670, 29699]",[],0.0
"[991, 30, 29700, 29729]",[],0.0
"[992, 30, 29730, 29759]",[],0.0
"[993, 30, 29760, 29789]",[],0.0
"[994, 30, 29790, 29819]",[],0.0
"[995, 30, 29820, 29849]",[],0.0
"[996, 30, 29850, 29879]",[],0.0
"[997, 30, 29880, 29909]",[],0.0
"[998, 30, 29910, 29939]",[],0.0
"[999, 30, 29940, 29969]",[],0.0
"[1000, 30, 29970, 29999]",[],0.0
